"Top Sliders","أعلى المتزلجون"
"Slider","المنزلق"
"Top Banners","الأعلى لافتات"
"Banner","راية"
"Special Products","المنتجات الخاصة"
"New Arrivals","القادمون الجدد"
"Best Sellers","الأكثر مبيعا"
"Login Successful.","تسجيل الدخول الناجحة."
"This is a required field.","هذا مجال مطلوب."
"Registration Successful.","تم التسجيل بنجاح."
"Cannot create user account.","لا يمكن إنشاء حساب المستخدم."
"Email Id is required.","مطلوب البريد الإلكتروني معرف."
"Starting at","يبدأ من"
"Something went wrong","هناك خطأ ما"
"Please select a category.","الرجاء تحديد الفئة."
"Product not found.","الصنف غير موجود."
"Product Id is required.","مطلوب رقم المنتج."
"Links","الروابط"
"N/A","N / A"
"No","لا"
"was added to your shopping cart.","تمت إضافته إلى سلة التسوق الخاصة بك."
"Cannot add the item to shopping cart.","لا يمكن إضافة هذا البند إلى عربة التسوق."
"Item has been updated in your cart successfully.","تم تحديث عنصر في عربة التسوق بنجاح."
"Quantity has not been set for this product.","لم يتم تعيين كمية لهذا المنتج."
"Cannot update shopping cart.","لا يمكن تحديث عربة التسوق."
"Something went wrong.","هناك خطأ ما."
"Quantity","كمية"
"Item has been removed from your cart successfully.","تمت إزالة عنصر من عربة التسوق بنجاح."
"Cannot remove the item.","لا يمكن إزالة هذا البند."
"Prefix","اختصار"
"First Name","الاسم الاول"
"Middle Name/Initial","الاسم الأوسط / الحرف الأول من اسمك"
"Last Name","الكنية"
"Suffix","لاحقة"
"Company","شركة"
"Address","عنوان"
"Address 2","العنوان 2"
"City","مدينة"
"Country","بلد"
"State/Province","/ مقاطعة الدولة"
"Zip/Postal Code","الرمز البريدي / الرمز البريدي"
"Telephone","هاتف"
"Fax","فاكس"
"Please select a country.","رجاء قم بإختيار دوله."
"Customer is not looged in","لا looged العملاء في"
"Address not selected.","عنوان غير محددة."
"The customer address is not valid.","عنوان العميل غير صالح."
"Cart information loaded successfully","معلومات العربة المحملة بنجاح"
"No Shipping Method Required","لا أسلوب الشحن المطلوبة"
"No Shipping Method Available","لا أسلوب الشحن المتوفرة"
"Shipping method was set successfully.","تم تعيين طريقة الشحن بنجاح."
"An error occurred while selecting shipping method.","حدث خطأ أثناء اختيار الشحن الأسلوب."
"Please login to view your addresses.","يرجى تسجيل الدخول لعرض العناوين الخاصة بك."
"Address has been updated successfully.","تم تحديث عنوان بنجاح."
"Address has been added successfully.","تمت إضافة عنوان بنجاح."
"Please login to add/update your addresses.","الرجاء تسجيل الدخول لتحديث / إضافة العناوين."
"An error occurred while saving billing address.","حدث خطأ أثناء حفظ عنوان الفواتير."
"An error occurred while saving shipping address.","حدث خطأ أثناء حفظ عنوان الشحن."
"No Payment methods is enabled","عدم تمكين أي طرق الدفع"
"No Payment methods has been configured","تم تكوين أية أساليب الدفع"
"Order created successfully","خلقت أجل بنجاح"
"Your information has been updated successfully.","تم تحديث المعلومات الخاصة بك بنجاح."
"Invalid email address.","عنوان البريد الإلكتروني غير صالح."
"If there is an account associated with your email you will receive an email with a link to reset your password.","إذا كان هناك حساب مرتبط مع البريد الإلكتروني الخاص بك سوف تتلقى رسالة بريد إلكتروني مع وصلة لإعادة تعيين كلمة المرور الخاصة بك."
"Please enter your email.","رجاءا أدخل بريدك الإلكتروني."
"Please login to view your orders.","يرجى تسجيل الدخول لعرض أوامرك."
"Orders not found.","أوامر غير موجود."
"Please login to view your order details.","الرجاء تسجيل الدخول لمشاهدة تفاصيل طلبك."
"Please select an order.","الرجاء تحديد النظام."
"Subtotal","حاصل الجمع"
"Shipping & Handling","شحن وتسليم"
"Discount","خصم"
"Tax","ضريبة"
"Grand Total","المجموع الكلي"
"Order created by this cart","خلق النظام من قبل هذه العربة"
"Voucher has been applied to your cart successfully.","وقد تم تطبيق قسيمة لعربة التسوق بنجاح."
"Coupon code is not valid.","رمز القسيمة غير صالح."
"Voucher has been removed from your cart successfully.","تمت إزالة قسيمة من عربة التسوق بنجاح."
"Please login to add this product to wishlist.","الرجاء تسجيل الدخول لإضافة هذا المنتج إلى سلة."
"Please select a product","الرجاء اختيار منتج"
"Cannot specify product.","لا يمكن تحديد المنتج."
"%1$s has been added to your wishlist.","تمت إضافة٪ 1 $ s إلى سلة المفضلة."
"An error occurred while adding item to wishlist: %s","حدث خطأ أثناء إضافة العنصر إلى سلة:٪ ق"
"Requested wishlist doesn't exist","غير موجود مفضلة طلب"
"SKU","SKU"
"Wishlist could not be created.","لا يمكن إنشاء مفضلة."
"An error occurred while deleting the item from wishlist.","حدث خطأ أثناء حذف هذا البند من مفضلة."
"Wishlist item has been successfully removed.","تمت إزالة البند مفضلة بنجاح."
"An error occurred while deleting the item from wishlist: %s","حدث خطأ أثناء حذف هذا البند من مفضلة:٪ ق"
"Item has been successfully added to the cart.","تمت إضافة بند بنجاح إلى العربة."
"Incl. Tax","بما في ذلك ضريبة"
"Unable to post the review.","غير قادر على الرد على الاستعراض."
"Recent Products","المنتجات الأخيرة"
"From","من عند"
"To","إلى"
"Mobile number and country code is Mandatory.","عدد وبلد المحمول متاحة الإلزامي."
"Country Code is Mandatory.","رمز البلد غير الإلزامي."
"This mobile number has already been registered with an other account.","وقد تم تسجيل هذا رقم الجوال مع حساب آخر."
"Shipping Method is disabled.","تم تعطيل أسلوب الشحن."
"Mobile Number is blank","رقم الجوال فارغ"
"Mobile Number already exist","رقم الجوال موجودة بالفعل"
"Empty Mobile number.","إفراغ رقم ​​الجوال."
"Empty Country Code.","إفراغ رمز الدولة."
"Empty Password.","كلمة المرور فارغة."
"The password has been changed successfully.","تم تغيير كلمة السر بنجاح."
"Password cannot be updated.","لا يمكن تحديث كلمة المرور."
"An account using this email address does not exists.","حساب باستخدام عنوان البريد الإلكتروني هذا لا يوجد."
"The account has been mapped for the fingerprint login in this device.","تم تعيين حساب لتسجيل الدخول بصمة في هذا الجهاز."
"The account can not be mapped for the fingerprint login in this device.","الحساب لا يمكن تعيين لتسجيل الدخول بصمة في هذا الجهاز."
"Customer data is not available.","بيانات العملاء غير متوفر."
"Your account isn\'t available at this time.","حسابك يسن \ 'ر متاحة في هذا الوقت."
"This Unique Id is not linked with the Email id.","لا يرتبط هذا رقم فريد مع معرف البريد الإلكتروني."
"This Mobile number is not linked with any account.","لا يرتبط هذا رقم الجوال مع أي حساب."
"Mobile Number or country code is not available.","رقم الهاتف الجوال أو رمز البلد غير متوفر."
"Mobile number exists into the database..","يوجد رقم هاتف محمول في قاعدة البيانات .."
"Mobile number does not exists into the database..","لا يوجد رقم هاتف محمول في قاعدة البيانات .."
"Not Mentioned","لم يذكر"
"Marektplace Module is not enabled","لم يتم تمكين Marektplace الوحدة"
"Seller id is missing","البائع معرف مفقود"
"Seller not found","البائع لم يتم العثور"
"Please login to write review.","برجاء تسجيل الدخول للتقييم."
"Not able to submit your review. Title or comment is missing.","غير قادرة على تقديم مراجعة. عنوان أو تعليق مفقود."
"Not able to submit your review. Posting review for this seller is not allowed.","غير قادرة على تقديم مراجعة. لا يسمح نشر المراجعات لهذا البائع."
"Thanks! for rating the Seller.","شكر! لتصنيف البائع."
"All","الكل"
"Name","اسم"
"A-Z","A-Z"
"Z-A","Z-A"
"Price","السعر"
"Low to High","من أسفل إلى أعلى"
"High to Low","الاعلى الى الادنى"
"Ascending","تصاعدي"
"Descending","تنازلي"
"All Products","جميع المنتجات"
"Customer already registered.","العملاء التي سجلت بالفعل."
"An error occurred .","حدث خطأ ."
"Success.","نجاح."
"Last order was not completed.","لم يتم إكمال أمر آخر."
"Can't apply voucher code on this cart.","لا يمكن تطبيق كود القسيمة على هذه العربة."
"An error occurred while adding item to wishlist: %1","حدث خطأ أثناء إضافة العنصر إلى سلة:٪ 1"
"Your review has been accepted for moderation.","وقد تم قبول رأيك عن الاعتدال."
"Review by %1","مراجعة من قبل٪ 1"
"(Posted on %1)","(تاريخ٪ 1)"
"--Select Category--","--اختر الفئة--"
"Order Successfully Created","أجل مكون بنجاح"
"Hi Thanks for your interest. Keep shopping with us to become our premium customer.","مرحبا، شكرا لاهتمامك. الحفاظ تسوق معنا لتصبح عملائنا متميزة."
"Order status update","تحديث حالة الطلب"
"Hi Your order status has been changed to {{STATUS}}.","مرحبا تم تغيير وضع طلبك إلى {{الوضع}}."
"Hurry!","عجل!"
"Hi","استكمال طلبك للحصول على فوائد إضافية على طلبك المقبل."
"Best Seller Products","أفضل بائع المنتجات"
"Featured Products","منتجات مميزة"
"New Products","منتجات جديدة"
"From a category","من فئة"
"Custom Products","منتجات مخصصة"
"Mobile App Builder","موبايل التطبيق بناء"
"Settings saved successfully.","إعدادات حفظ بنجاح."
"Firebase Server key is not available","مفتاح خادم Firebase غير متوفر"
"Notificaton Send successfully","Notificaton إرسال بنجاح"
"Data saved successfully.","تم حفظ المعلومات بنجاح."
"Component deleted successfully.","حذف عنصر بنجاح."
"Banner data deleted successfully.","حذف البيانات راية بنجاح."
"Layout deleted successfully.","حذف تخطيط بنجاح."
"Data has been saved successfully.","تم حفظ البيانات بنجاح."
"Settings saved successfully","الإعدادات المحفوظة بنجاح"
"Edit Layout","تحرير تخطيط"
"Knowband Mobile App Builder is not enabled on this store.","لم يتم تمكين Knowband موبايل التطبيق بناء على هذا المخزن."
"Requested API not available","API طلب غير متوفر"
"Requested Api method not available","طريقة واجهة برمجة التطبيقات المطلوبة غير متوفرة"
"Save Settings","احفظ التغييرات"
"Edit","تعديل"
"Edit Name","تعديل الاسم"
"Delete","حذف"
"View Details","عرض التفاصيل"
"Layout ID","ID تخطيط"
"Layout Name","اسم التصميم"
"Action","عمل"
"Home Page Layout Settings","الصفحة الرئيسية ابتداء من تخطيط الصفحة"
"Title","عنوان"
"URL","URL"
"Upload","رفع"
"Image Type","نوع الصورة"
"Home","الصفحة الرئيسية"
"Category","الفئة"
"Product","المنتج"
"Redirect Activity","آخر إعادة توجيه"
"Disable","تعطيل"
"Enable","ممكن"
"Status","الحالة"
"Banners Settings","إعدادات لافتات"
"ID","هوية شخصية"
"Device Type","نوع الجهاز"
"Both Android/iOS","كلا الروبوت / دائرة الرقابة الداخلية"
"Android","ذكري المظهر"
"iOS","دائرة الرقابة الداخلية"
"Sent Date","تاريخ أرسلت"
"Push Notification History","تاريخ الإخطار دفع"
"Return Statuses","عودة المنزلة"
"Coupon Code","رمز الكوبون"
"Customer Email","العملاء البريد الإلكتروني"
"Device","جهاز"
"Coupon Used","قسيمة مستعمل"
"Yes","نعم"
"Coupon Generated On","قسيمة إنشاؤها على"
"Menu Settings","إعدادات القائمة"
"Push Notification Settings","اضغط على ضبط الاشعارات"
"Slider Settings","إعدادات المنزلق"
"Google Login Settings","إعدادات الدخول جوجل"
"Facebook Login Settings","الفيسبوك الدخول إعدادات"
"General Settings","الاعدادات العامة"
"New Arrival","قادم جديد"
"Best Seller","الأكثر مبيعا"
"Statistics","الإحصاء"
"Category Icon Settings","الفئة إعدادات الرموز"
"Code","الشفرة"
"Payment Method Settings","إعدادات طريقة الدفع"
"Image","صورة"
"Upto Time","تصل الوقت"
"Background Color","لون الخلفية"
"Text Color","لون الخط"
"Redirect","إعادة توجيه"
"Category ID","معرف الفئة"
"Product ID","معرف المنتج"
"Product Name","اسم المنتج"
"Sort Order","امر ترتيب"
"Layout Settings","إعدادات الشكل الظاهري"
"Back","عودة"
"Session has expired. Please try again after Re-login.","انتهت الدورة. يرجى المحاولة مرة أخرى بعد إعادة تسجيل الدخول."
"Sorry","تتوفر لهذا النظام في هذا الوقت لم يستشهد."
"Place Order","مكان الامر"
"Heading of this Component","العنوان من هذا المكون"
"Field cannot be empty.","لا يمكن أن يكون الحقل فارغا."
"Select Product Type","اختر نوع المنتج"
"Select Category","اختر الفئة"
"Select Products from Category","اختر المنتجات من الفئة"
"Select Products","اختر المنتجات"
"Number of products","عدد من المنتجات"
"Image Content Mode","وضع صورة المحتوى"
"Scale aspect fill","مقياس الجانب تعبئة"
"Scale aspect Fit","نطاق صالح الجانب"
"Please select category.","الرجاء تحديد الفئة."
"Please select product.","الرجاء تحديد المنتج."
"Please select image type","الرجاء اختيار نوع الصورة"
"Please provide image url","يرجى تقديم صورة رابط"
"Please select category","الرجاء تحديد الفئة"
"Please select product","الرجاء تحديد المنتج"
"Only Positive integer is allowed.","يسمح صحيح موجب فقط."
"Please select an option from dropdown.","الرجاء تحديد خيار من القائمة المنسدلة."
"You can enter only numbers.","يمكنك إدخال أرقام فقط."
"Number should be greater than 0.","يجب أن تكون عدد أكبر من 0."
"Field cannot be greater than {#} characters.","لا يمكن أن يكون الحقل أكبر من {#} حرفا."
"Field cannot be less than {#} character(s).","المجال لا يمكن أن يكون أقل من {#} حرف (ق)."
"Please enter Email.","يرجى إدخال البريد الإلكتروني."
"Please enter a valid Email.","يرجى إدخال البريد الإلكتروني الصحيح."
"Invalid date format.","تنسيق التاريخ غير صالح."
"Number is not in the valid range. It should be between {1} and {100}","عدد غير موجود في النطاق الصالح. وينبغي أن يكون بين {1} و {100}"
"Field should be numeric.","يجب أن يكون حقل رقمي."
"Field can have only upto two decimal values.","يمكن أن يكون الحقل فقط تصل قيمتين عشرية."
"Email cannot be greater than {#} characters.","البريد الإلكتروني لا يمكن أن يكون أكبر من {#} حرفا."
"Zip should not have special characters.","لا ينبغي أن يكون الرمز البريدي أحرف خاصة."
"Percentage should be in number.","يجب أن تكون النسبة المئوية في العدد."
"Percentage should be between 0 and 100.","يجب أن تكون النسبة المئوية بين 0 و 100."
"Size cannot be greater than {#} characters.","الحجم لا يمكن أن يكون أكبر من {#} حرفا."
"Color could not be greater than {#} characters.","اللون لا يمكن أن يكون أكبر من {#} حرفا."
"Color is not valid.","لون غير صالح."
"Special characters are not allowed.","يمنع استعمال الرموز."
"Script tags are not allowed.","لا يسمح علامات البرنامج النصي."
"Style tags are not allowed.","لا يسمح العلامات نمط."
"Iframe tags are not allowed.","لا يسمح علامات IFRAME."
"Uploaded file is not an image.","ملف مرفوع ليس صورة."
"Uploaded file size must be less than #.","يجب أن يكون مرفوع حجم الملف أقل من #."
"Field should not contain HTML tags.","يجب أن لا يحتوي على حقل علامات HTML."
"You can enter only positive numbers.","يمكنك إدخال أرقام موجبة فقط."
"Select Image Type","حدد نوع الصورة"
"Select an option","حدد اختيارا"
"Image Url","رابط الصورة"
"Enter URL","إدخال عنوان الموقع"
"Image Upload","صورة تحميل"
"Select Redirect Activity","اختر إعادة توجيه آخر"
"CMS","CMS"
"Login","تسجيل الدخول"
"Search","بحث"
"Select Product","حدد المنتج"
"Banner Width","راية العرض"
"Banner Height","راية الطول"
"Margin Top","الهامش الأعلى"
"Margin Bottom","هامش القاع"
"Margin Left","هامش اليسار"
"Margin Right","الهامش الأيمن"
"Countdown Time Validity","صلاحية العد التنازلي الوقت"
"Enable Time Background Color","تمكين الوقت لون الخلفية"
"Time Background Color","الوقت لون الخلفية"
"Timer Text Color","لون الخط الموقت"
"Select Date","حدد تاريخ"
"Save","حفظ"
"This field cannot be empty","هذا المجال لا يمكن أن يكون فارغا"
"Select 1st Category","اختر الفئة 1ST"
"Upload Image","تحميل الصور"
"Remove image","إزالة الصورة"
"Select 2nd Category","اختر الفئة 2ND"
"Select 3rd Category","اختر الفئة 3RD"
"Select 4th Category","اختر الفئة 4TH"
"Select 5th Category","اختر الفئة 5TH"
"Select 6th Category","اختر الفئة 6TH"
"Select 7th Category","اختر الفئة 7TH"
"Select 8th Category","اختر الفئة 8TH"
"Are your sure?","هل انت متأكد؟"
"Are you sure?","هل أنت واثق؟"
"Edit Component","تحرير مكون"
"Close","قريب"
"Need to add value in atleast 4 categories","الحاجة إلى إضافة قيمة في أتلست 4 فئات"
"Component added successfully","وأضاف العنصر بنجاح"
"You can add only 20 components in a layout","يمكنك إضافة 20 فقط المكونات في تخطيط"
"Top Categories","أفضل الفئات"
"Banner-Square","راية ساحة"
"Banner-Custom","راية مخصص"
"Banner-Horizontal Sliding","راية أفقي انزلاق"
"Banner-Grid","راية الشبكة"
"Banner-With Countdown timer","راية مع للعد التنازلي"
"Products-Square","منتجات ساحة"
"Products-Horizontal Sliding","المنتجات أفقي انزلاق"
"Products-Grid","منتجات الشبكة"
"Edit Heading","تحرير العنوان"
"Category1","الفئة 1"
"Category2","Category2"
"Category3","Category3"
"Category4","Category4"
"Horizontal Banner","أفقي راية"
"Banner-Grid 1","راية الشبكة 1"
"Banner-Grid 2","راية الشبكة 2"
"Banner-Grid 3","راية الشبكة 3"
"Banner-Grid 4","راية الشبكة 4"
"Countdown Banner","العد التنازلي لافتة"
"Hours","ساعة"
"Minutes","دقيقة"
"Seconds","ثانيا"
"Horizontal Products","المنتجات أفقي"
"Product Grid","شبكة المنتج"
"Payment Mode","طريقة الدفع"
"Sandbox","Sandbo"
"Live","ليف"
"Client Id","رقم العميل"
"Please select atleast one country","الرجاء تحديد أتلست بلد واحد"
"Please enter a valid color code","الرجاء إدخال رمز اللون صحيح"
"Date & Time should be greater than current date time.","يجب أن يكون تاريخ ووقت أكبر من وقت التاريخ الحالي."
"Field cannot be empty","المجال لا يمكن إفراغ"
"Total Coupons Generated","مجموع القسائم ولدت"
"Total Coupons Unused","مجموع القسائم غير المستخدمة"
"Total Coupons Used","مجموع قسائم مستعمل"
"`Active Date` cannot be greater than `Expire Date`","`النشطة Date` لا يمكن أن يكون أكبر من` انتهاء صلاحية Date`"
"`From` Date cannot be greater than `To` Date","`From` تاريخ لا يمكن أن يكون أكبر من` To` التسجيل"
"The sum of Gravity is not in the valid range. It should be betwen 1 and 100. The total is:","مجموع الجاذبية ليست في نطاق صالح. وينبغي أن يكون بين العامين 1 و 100. ككل:"
"No list exists for this API key.","لا توجد قائمة لهذا المفتاح API."
"No. of times","عدد مرات"
"Date","تاريخ"
"Please upload an image file.","يرجى تحميل ملف صورة."
"To percentage should be greater than From percentage.","لنسبة يجب أن تكون أكبر من من نسبة."
"Value must be greater than 0","يجب أن تكون قيمة أكبر من 0"
"Allowed extension is","تمديد المسموح به هو"
"Please provide correct format. Maximum allowed file size is","يرجى تقديم الشكل الصحيح. الحد الأقصى لحجم الملف المسموح به هو"
"Validated successfully","التحقق من صحة بنجاح"
"Invalid Api Key","مفتاح API غير صالح"
"Message","رسالة"
"Select Brodcast Device Type","اختر نوع الجهاز Brodcast"
"Remove Image","إزالة الصورة"
"Only .png or .jpg file format accepted. File size should not be more than 2 MB.","بابوا نيو غينيا فقط أو بتنسيق jpg ملف قبول. لا ينبغي أن يكون حجم ملف أكثر من 2 MB."
"--Select Product--","--حدد المنتج--"
"Enable/Disable","مفعل وغير مفعل"
"Facebook App Id","الفيسبوك معرف التطبيق"
"Validate App Id","التحقق من صحة رقم تعريف التطبيق"
"Enable the Extension","تمكين التمديد"
"This setting will enable/disable entire mobile app functionality.","فإن هذا الإعداد تمكين / تعطيل كامل وظائف التطبيق المحمول."
"Redirect on Cart Page when Add To Cart","إعادة توجيه على العربة الصفحة عند إضافة إلى السلة"
"This setting will redirect to cart page or keep on the product page when add to cart is clicked.","فإن هذا الإعداد إعادة توجيه إلى صفحة عربة أو تبقي على صفحة المنتج عند النقر فوق إضافة إلى السلة."
"Display Short Description","عرض قصير الوصف"
"Enable Request Log Reporting","تمكين طلب التقارير دخول"
"This setting will enable/disable error log reporting for every request to Web Services of the module.","فإن هذا الإعداد تمكين / تعطيل التقارير سجل خطأ كل طلب لخدمات الويب وحدة."
"Show App Preview","مشاهدة التطبيقات معاينة"
"This setting will show/hide the app preview.","فإن هذا الإعداد إظهار / إخفاء معاينة التطبيق."
"Enable Tab Bar","تمكين تبويب بار"
"This setting will enable/disable the tab bar in the app.","فإن هذا الإعداد تمكين / تعطيل شريط التبويب في التطبيق."
"Show Spin and Win","تظهر سبين واربح"
"Show spin and win popup on the mobile App.","تظهر تدور والفوز منبثقة على التطبيقات النقالة."
"Enable/Disable Fingerprint Login","تمكين / تعطيل بصمة الدخول"
"This setting will enable/disable Fingerprint login in Mobile App.","فإن هذا الإعداد تمكين / تعطيل تسجيل الدخول بصمة في موبايل التطبيق."
"Enable/Disable Phone Number Registration","تمكين / تعطيل رقم الهاتف التسجيل"
"This setting will enable/disable customer registration and login via phone number verification.","فإن هذا الإعداد تمكين / تعطيل تسجيل العملاء وتسجيل الدخول عن طريق التحقق من أرقام الهاتف."
"Mandatory Phone number at registration","رقم الهاتف إلزامي عند التسجيل"
"This setting will set the Phone number field as optional or required.","فإن هذا الإعداد تعيين حقل رقم الهاتف كما اختياري أو المطلوبة."
"Select layout for home page","حدد تخطيط للصفحة الرئيسية"
"Please select","الرجاء تحديد"
"Disabled Shippping Sethods","تعطيل حر Shippping Sethods"
"Select shipping methods from the list for which you want to disable this module.You can leave it to empty if you want to enable this module for all shipping methods.","تحديد الأساليب من القائمة التي تريد تعطيل هذا module.You يمكن ترك الأمر لتفريغ الشحن إذا كنت ترغب في تمكين هذه الوحدة لجميع وسائل النقل البحري."
"Select shipping methods","وسائل النقل البحري حدد"
"Enable Whatsapp Chat Support","تمكين واتس اب دردشة دعم"
"This setting will enable/disable WHATSAPP chat support option in mobile app.","فإن هذا الإعداد تمكين / خيار دعم ال WhatsApp دردشة في تعطيل التطبيق المحمول."
"Chat Number","عدد دردشة"
"Enter Chat number with Country code as well.","أدخل عدد الدردشة مع رمز البلد كذلك."
"Enable Live Chat Support","تمكين الدردشة دعم"
"This setting will enable/disable live chat support option in mobile app.","فإن هذا الإعداد تمكين الخيار / يعيش دردشة الدعم في تعطيل التطبيق المحمول."
"Chat API Key","مفتاح API الدردشة"
"Enter API Key for Live chat","أدخل مفتاح API للدردشة الحية"
"Enable Url Encoding Of Image Links","تمكين رابط ترميز الروابط صورة"
"This setting will enable/disable Url encoding of all image links.","فإن هذا الإعداد تمكين / ترميز رابط تعطيل جميع وصلات الصورة."
"Look And Feel","انظر و اشعر"
"Enable Logo","تمكين شعار"
"Upload logo","تحميل شعار"
"Remove logo","شعار إزالة"
"App Button Color","التطبيق زر اللون"
"Select button color of the app.","حدد لون زر من التطبيق."
"App Button Text Color","التطبيق اللون زر النص"
"Select button text color of the app.","حدد لون النص زر التطبيق."
"App Theme Color","التطبيق موضوع اللون"
"Select theme color of the app.","حدد اللون موضوع التطبيق."
"App Background Color","التطبيق لون الخلفية"
"Select background color of the app.","حدد لون الخلفية من التطبيق."
"Custom CSS","لغة تنسيق ويب حسب الطلب"
"Add custom CSS code that you want to be executed on the app","إضافة رمز CSS المخصصة التي تريدها ليتم تنفيذها على التطبيق"
"Edit Payment Method Settings","تحرير الدفع إعدادات أسلوب"
"Something went wrong. Please try again.","هناك خطأ ما. حاول مرة اخرى."
"Edit Settings","تعديل الإعدادات"
"Upload Google JSON file","تحميل ملف جوجل JSON"
"Only .json file format accepted. File size should not be more than 1 MB.","فقط قبول تنسيق الملف و. json. لا ينبغي أن يكون حجم ملف أكثر من 1 ميغا بايت."
"Uploaded App Id","حملت رقم تعريف التطبيق"
"Uploaded Api Key","حملت مفتاح API"
"Send New Push Notification","إرسال نيو إعلام دفع"
"Send","إرسال"
"Cancel","إلغاء"
"View Push Notification","عرض إعلام دفع"
"Send New Notification","إرسال إشعار جديد"
"Contact Us Page","اتصل بنا الصفحة"
"Enable/Disable Contact Us Page","تمكين / تعطيل الاتصال بنا الصفحة"
"Select Contact Us Page","اختر صفحة اتصل بنا"
"Select Product Carousel Type","حدد المنتج كاروسيل نوع"
"Menu 1","القائمة 1"
"Enable/Disable Menu","تمكين / تعطيل القائمة"
"Menu Title","عنوان القائمة"
"Enter Tiltle for Menu","أدخل Tiltle عن القائمة"
"Select Page","اختر الصفحة"
"Menu 2","القائمة 2"
"Menu 3","القائمة 3"
"Menu 4","القائمة 4"
"Category Icon","فئة أيقونة"
"Select category to add icon","حدد فئة لإضافة رمز"
"Select category to add/edit icon.","حدد فئة لإضافة / تحرير رمز."
"Category icon saved successfully.","حفظ فئة رمز بنجاح."
"Something went wrong","تحديث الصفحة."
"Invalid File Format","يرجى تحديد أنواع فقط الموصى بها .."
"File size must be less than 1MB","يجب أن يكون حجم الملف أقل من 1MB"
"Invalid File.","ملف غير صالح."
"Add New Layout","إضافة تخطيط جديد"
"Firebase Server Setting","إعداد Firebase خادم"
"Server Key","خادم مفتاح"
"Enter firebase server key","أدخل مفتاح الخادم firebase"
"New Order Settings","إعدادات طلب جديد"
"Enable/Disable new order push notification","تمكين / تعطيل جديد إشعار الطلب دفع"
"Title for new order push notification","عنوان لإشعار الطلب دفعة جديدة"
"Message for new order push notification","رسالة لإشعار الطلب دفعة جديدة"
"Order Status Change Settings","حالة الطلب تغيير إعدادات"
"Enable/Disable order status change push notification","تمكين / تعطيل حالة الطلب إعلام تغيير الضغط"
"Title for order status change push notification","عنوان لحالة الطلب إعلام تغيير الضغط"
"Message for order status change push notification","رسالة لحالة الطلب إعلام تغيير الضغط"
"Abandoned Cart Settings","إعدادات العربة مهجورة"
"Enable/Disable abandoned cart push notification","تمكين / تعطيل التخلي عن إشعار دفع عربة"
"Title for abandoned cart push notification","عنوان الإخطار عربة دفع المهجورة"
"Message for abandoned cart push notification","رسالة الإخطار عربة دفع المهجورة"
"Time Interval","الفاصل الزمني"
"Time interval to check Abandoned cart(In Hours)","الفاصل الزمني للتحقق عربة المهجورة (بالساعات)"
"Cron Instructions","كرون تعليمات"
"Add the cron to your store via control panel/putty to send Abandoned cart push notifications according to your settings above. Find below","والتعليمات لإضافة كرون، تضاف كرون لمتجرك عبر لوحة التحكم / المعجون لإرسال المهجورة الإخطارات عربة دفع وفقا لإعداداتك أعلاه. البحث تحت تعليمات لإضافة كرون."
"URL to Add Cron via Control Panel","URL إلى إضافة كرون عن طريق لوحة تحكم"
"Cron setup via SSH","الإعداد كرون عن طريق SSH"
"Preview","معاينة"
"Paypal Mobile","باي بال موبايل"
"COD Mobile","COD موبايل"
"Invalid File Format.","تنسيق ملف غير صالح."
"File should be less than 2 Mb.","يجب أن يكون الملف أقل من 2 ميجا بايت."
"Please Upload the Image.","يرجى تحميل الصورة."
"Please Upload Image For Category.","يرجى تحميل صورة على الفئة."
"app_text_category_products","الفئة"
"app_text_no_internet","مشكلة الانترنت"
"app_text_product_image_viewer","عارض صورة المنتج"
"app_text_payment_methods","طرق الدفع"
"app_text_seller_comments","البائع تعليق (الصورة)"
"app_text_home","الصفحة الرئيسية"
"app_text_category","التصنيفات"
"app_text_login","تسجيل الدخول"
"app_text_logout","تسجيل خروج"
"app_text_login_signup","الدخول التسجيل فى الموقع"
"app_text_account","حسابي"
"app_text_contact","اتصل بنا"
"app_text_about","معلومات عنا"
"app_text_add_to_wishlist","أضف إلى قائمة الامنيات"
"app_text_add_to_cart","أضف إلى السلة"
"app_text_off","إيقاف"
"app_text_all","الكل"
"app_text_languages","اللغات)"
"app_text_sort","فرز"
"app_text_filter","منقي"
"app_text_sort_order","حدد ترتيب"
"app_text_price_asce","السعر من الارخص للاعلى"
"app_text_price_desc","السعر الاعلى الى الادنى"
"app_text_product","المنتج"
"app_text_select","تحديد"
"app_text_instock","في المخزن"
"app_text_outstock","إنتهى من المخزن"
"app_text_product_info","معلومات المنتج والعناية"
"app_text_customization","التخصيص المنتج"
"app_text_accessories","مستلزمات"
"app_text_view_less","عرض أقل"
"app_text_view_more","عرض المزيد"
"app_text_provide_details","يرجى تقديم تفاصيل"
"app_text_discount_price","سعر الخصم"
"app_text_discount_percentage","نسبة الخصم"
"app_text_rating","تقييم *"
"app_text_bag","كيس التسوق"
"app_text_apply_voucher","تطبيق القسيمة"
"app_text_entry_voucher_code","أدخل رمز القسيمة"
"app_text_apply","تطبيق"
"app_text_gift","هدية التفاف"
"app_text_entry_message","أدخل رسالتك"
"app_text_available_first","نرسل المنتجات المتاحة أولا"
"app_text_continue_shopping","مواصلة التسوق"
"app_text_continue_checkout","الاستمرار في الخروج"
"app_text_update_quantity","تحديث الكمية"
"app_text_enter_quantity","إدخال كمية"
"app_text_empty_cart","عربة الشحن الخاصة بك فارغة!"
"app_text_goto_home","الذهاب إلى الصفحة الرئيسية"
"app_text_review_your_order","راجع طلباتك"
"app_text_add_new_shipping_address","إضافة عنوان جديد"
"app_text_history","تفاصيل الشحن"
"app_text_billing_details","تفاصيل الفاتورة"
"app_text_same_as_shipping_details","نفس عنوان الشحن"
"app_text_summary","ملخص الطلب"
"app_text_shipping_methods","طرق الشحن"
"app_text_comment","أجل تعليق"
"app_text_payment_summary","ملخص الدفع"
"app_text_proceed","الشروع في دفع"
"app_text_make_payment","قم بالدفع"
"app_text_congratulations","تهانينا"
"app_text_shipping_addresses","الشحن عنوان (الصورة)"
"app_text_billing_addresses","عنوان الفواتير (ق)"
"app_text_addresses","عنوان (الصورة)"
"app_text_order_detail","تفاصيل الطلب"
"app_text_update_personal","تحديث تفاصيل الشخصية"
"app_text_update_password","تطوير كلمة السر"
"app_text_current_password","كلمة المرور الحالي"
"app_text_new_password","كلمة مرور جديدة"
"app_text_confirm_password","تأكيد كلمة المرور"
"app_text_cancel","إلغاء"
"app_text_save","حفظ"
"app_text_order_ref","ترتيب المرجعي"
"app_text_status","الحالة"
"app_text_placed","موضوع على"
"app_text_reorder","إعادة ترتيب"
"app_text_order_details","تفاصيل الطلب"
"app_text_status_history","سجل الحالة"
"app_text_shipping_address","عنوان الشحن"
"app_text_billing_address","عنوان وصول الفواتير"
"app_text_order_summary","ملخص الطلب"
"app_text_shipping_method","طريقة الشحن"
"app_text_payment_method","طريقة الدفع او السداد"
"app_text_gift_wrapping","تغليف الهدايا"
"app_text_no_shipping_address","أي عنوان الشحن المتاحة!"
"app_text_no_order_details","تفاصيل أي أمر متاح!"
"app_text_signup","سجل"
"app_text_continue_guest","تواصل كضيف"
"app_text_email","البريد الإلكتروني"
"app_text_password","كلمه السر"
"app_text_forgot_password","هل نسيت كلمة المرور"
"app_text_login_social_account","يمكنك الدخول بحساب الاجتماعي."
"app_text_login_with_google","تسجيل الدخول باستخدام + Google"
"app_text_login_with_facebook","تسجيل الدخول باستخدام الفيسبوك"
"app_text_signup_with_google","الاشتراك في + Google"
"app_text_signup_with_facebook","اشترك عبر حساب فايسبوك"
"app_text_msg_enter_valid_email","الرجاء إدخال بريد إلكتروني صحيح!"
"app_text_msg_enter_email","يرجى إدخال البريد الإلكتروني!"
"app_text_msg_enter_password","الرجاء إدخال كلمة السر!"
"app_text_msg_password_characters_less_than_3","الرجاء إدخال كلمة المرور وجود أحرف أكثر من أو يساوي 3!"
"app_text_msg_first_name","الاسم الاول"
"app_text_msg_last_name","الكنية"
"app_text_msg_dob","تاريخ الولادة"
"app_text_msg_confirm_password","تأكيد كلمة المرور"
"app_text_msg_personal_details","تفاصيل شخصية"
"app_text_msg_pass_not_matched","كلمة المرور وتأكيد كلمة المرور لا يقابل!"
"app_text_sold_by","تم بيعها من قبل:"
"app_text_write_review","أكتب مراجعة"
"app_text_view_review","عرض التعليق (ق)"
"app_text_view_seller_products","عرض بائع المنتج (ق)"
"app_text_wait","أرجو الإنتظار"
"app_text_loading","تحميل البيانات..."
"app_text_msg_went_wrong","هناك خطأ ما. حاول مرة اخرى."
"app_text_msg_no_internet_found","العثور على أي اتصال بالإنترنت."
"app_text_msg_no_internet_title","لا انترنت"
"app_text_msg_request","طلب لا يمكن أن يكون عملية. قد يكون هذا بسبب بطء الاتصال بالانترنت."
"app_text_msg_order_placed_email","وقد وضعت طلبك بنجاح. سوف تتلقى البريد الإلكتروني فيما يتعلق نفسه."
"app_text_msg_product_look","يمكنك البحث عن المنتج (ق) من فئتها."
"app_text_msg_search_product","يمكنك البحث عن أي منتج في مخزن بواسطة النص أو الصوت!"
"app_text_msg_view_cart","يمكنك عرض عربة التسوق مع كمية!"
"app_text_msg_logout","كنت الخروج بنجاح!"
"app_text_msg_view_product","يمكنك عرض المنتج في القائمة أو وضع الشبكة!"
"app_text_msg_sort_product","يمكنك فرز المنتج من قبل سعرها!"
"app_text_msg_filter_product","كما يمكنك تحديد المنتج (ق) وفقا للحاجة الخاصة بك!"
"app_text_text_next","التالى"
"app_text_text_okay","حسنا"
"app_text_required","مطلوب"
"app_text_msg_rating","الرجاء تحديد تصنيف"
"app_text_msg_add_cart","يمكنك إضافة المنتج إلى سلة التسوق ببساطة عن طريق النقر على زر \ 'إضافة إلى العربة \'!"
"app_text_msg_add_wishlist","يمكنك إضافة المنتج إلى سلة ببساطة عن طريق النقر على زر \ 'اضف الى قائمة الامنيات \'!"
"app_text_msg_product_price","تم تحديث سعر المنتج!"
"app_text_msg_product_not_available","هذا المنتج غير متوفر للطلب!"
"app_text_msg_combination","عدم وجود هذا الجمع لهذا المنتج. الرجاء تحديد مجموعة أخرى."
"app_text_msg_product_no_stock","هذا المنتج غير متوفر في الكمية المطلوبة أم لا في الأسهم!"
"app_text_msg_out_stock","بعض المنتجات في العربة ليست متاحة في الكمية المطلوبة أم لا في الأوراق المالية. الرجاء إزالة هذا المنتج (ق) من السلة"
"app_text_msg_checkout_products","يمكنك الخروج المنتجات في عربة التسوق ببساطة عن طريق النقر على زر \ 'الاستمرار في الخروج \'."
"app_text_msg_apply_voucher","يمكنك تقديم طلب قسيمة لعربة التسوق!"
"app_text_msg_update_quantity","يمكنك تحديث كمية من المنتج أو إزالته من عربة التسوق!"
"app_text_msg_view_details","يمكنك عرض تفاصيل المنتج من خلال النقر على صورة المنتج!"
"app_text_msg_success","نجاح!"
"app_text_msg_failure","بالفشل!"
"app_text_msg_enter_quantity","الرجاء إدخال كمية"
"app_text_quantity","كمية"
"app_text_remove","إزالة"
"app_text_customization_details","تفاصيل التخصيص"
"app_text_msg_add_address","يمكنك إضافة عنوان الشحن الجديد من خلال النقر على زر!"
"app_text_msg_update_address","يمكنك تحديث عنوان الشحن!"
"app_text_msg_select_address","يمكنك تحديد أي عنوان الشحن بمجرد النقر على ذلك!"
"app_text_select_address_text","* الرجاء اختيار عنوان الشحن لمراجعة طلبك."
"app_text_msg_no_product","لا توجد منتجات المتاحة!"
"app_text_msg_no_comment_available","لا تعليق (تعليقات) متوفرة!"
"app_text_msg_reset_password","يمكنك إعادة تعيين كلمة المرور الخاصة بك عن طريق النقر `نسيت Password`"
"app_text_msg_login","يمكنك الدخول إلى المتجر من هنا!"
"app_text_msg_login_fb","يمكنك أيضا تسجيل الدخول إلى المتجر من حساب الفيسبوك الخاص بك!"
"app_text_msg_login_google","يمكنك أيضا تسجيل الدخول إلى المتجر من حساب Google الخاص بك!"
"app_text_msg_update_profile",""يمكنك تحديث تفاصيل ملفك الشخصي"
"app_text_product_info_and_care","معلومات المنتج والعناية"
"app_text_download","تحميل"
"app_text_minimal_quantity","الحد الأدنى من الكمية"
"app_text_seller_details","تفاصيل البائع"
"app_text_pack_content","حزمة المحتوى"
"app_text_submit","إرسال"
"app_text_msg_forget_password","أدخل عنوان البريد الالكتروني المرتبط بحسابك. انقر فوق تقديم لديك كلمة السر بالبريد الإلكتروني لك."
"app_text_enter_your_email","ادخل بريدك الإلكتروني"
"app_text_reset_password","إعادة تعيين كلمة المرور"
"app_text_view_selected_filter","يمكنك عرض نتيجة التصفية المحدد من خلال النقر على هذه الصورة!"
"app_text_clear_selected_filter","يمكنك مسح مرشح التطبيقية من خلال النقر على هذه الصورة!"
"app_text_no_filter","لا المرشحات"
"app_text_phone_number_required","* يجب عليك تسجيل رقم هاتف واحد على الأقل"
"app_text_refresh","تحديث"
"app_text_internet_connection_failed","اتصال إنترنت فشل!"
"app_text_internet_connection_problem","قد يكون هناك بعض المشاكل مع اتصال الإنترنت الخاص بك. يرجى المراجعة."
"app_text_cancel_transaction","إلغاء الصفقة"
"app_text_middle_of_payment","كنت في منتصف عملية معاملات الدفع الخاصة بك. هل تريد حقا إلغاء المعاملات الخاصة بك؟"
"app_text_yes","نعم"
"app_text_no","لا"
"app_text_enter_your_comment","أدخل تعليقك"
"app_text_msg_shipping_methods_unavailable",""بالنسبة لبعض المنتجات (ق)"
"app_text_msg_select_shipping_methods","يرجى تحديد طريقة الشحن"
"app_text_share_log","حصة دخول"
"app_text_error_minimum_value","أدخل أكبر قيمة من 0"
"app_text_payment_failed_contact_support","لا يمكن معالجة طلبك. الاتصال بالدعم يرجى لأي استفسار"
"app_text_currency","العملة (العملات)"
"app_text_choose_payment_method","اختر وسيلة الدفع"
"app_text_no_payment_method","لا طريقة الدفع (ق) وجدت!"
"app_text_no_payment_currently","لا توجد طريقة الدفع حاليا."
"app_text_no_make_payment","كنت فاز \ 'ر تكون قادرة على تسديد لأن هذا التطبيق المحمول هو الإعداد للعرض الغرض."
"app_text_make_payment_after_select","يمكن إجراء الدفع بعد اختيار أي طريقة الدفع!"
"app_text_title_paypal_payment","الدفع باي بال"
"app_text_order_total_price","أجل السعر الإجمالي"
"app_text_user_cancelled_the_payment","إلغاء المستخدم الدفع"
"app_text_invalid_payment_try_again","دفع صالح. محاولة بلطف مرة أخرى"
"app_text_text_skip","تخطى"
"app_text_wishlist_item_removed","البند إزالتها من سلة."
"app_text_wishlist_item_added","واضاف الى قائمة الامنيات البند"
"app_text_subject","يا التحقق من ذلك!"
"app_text_text_extra_share","متاح هنا:"
"app_text_share_intent_title","شارك"
"app_text_error_product_name_url","قد يكون اسم المنتج أو رابط فارغة."
"app_text_tag_error","خطأ"
"app_text_demo_app_user_form","يرجى ملء التفاصيل!"
"app_text_full_name_demo_app_user","اسمك*"
"app_text_email_demo_app_user","البريد الإلكتروني*"
"app_text_store_url_demo_app_user","متجر URL *"
"app_text_continue_demo_app_user_form","استمر"
"app_text_invalid_url","مخزن URL غير صالح!"
"app_text_invalid_email","بريد إلكتروني خاطئ!"
"app_text_sellers","الباعة"
"app_text_seller","تاجر"
"app_text_seller_shipping_policy","سياسة الشحن"
"app_text_seller_return_policy","سياسة العائدات"
"app_text_review_title","عنوان *"
"app_text_review_comment","تعليق *"
"app_text_review_rating","تقييم *"
"app_text_filter_products","تصفية المنتج (ق)"
"app_text_select_category","اختر الفئة"
"app_text_select_sort","تحديد ترتيب"
"app_text_clear","واضح"
"app_text_edit","تعديل"
"app_text_cart","عربة التسوق"
"app_text_move_to_cart","انتقل الكرت"
"app_text_no_shipping_method_available","لا أسلوب الشحن المتوفرة"
"app_text_module_not_installed","يرجى الاتصال بمسؤول الموقع لعرض البيانات على هذه الصفحة."
"app_text_no_data_found","لاتوجد بيانات!"
"app_text_enter_coupon_code","أدخل رمز القسيمة"
"app_text_apply_coupon","تطبيق القسيمة"
"app_text_add_more_in_cart","إضافة المزيد في عربة إلى مكان هذا النظام"
"app_text_shipping_details","تفاصيل الشحن"
"app_text_choose_app_theme","اختر التطبيقات الموضوع"
"app_text_enter_store_url","أدخل URL متجرك"
"app_text_sample_store_url","مثال: http://your_store.com/"
"app_text_downloads","التحميلات"
"app_text_done","منجز"
"app_text_posted_on","نشر على:"
"app_text_commented_by","وعلق بواسطة:"
"app_text_seller_comment","تعليق:"
"app_text_open","افتح"
"app_text_order_status","افتح"
"app_text_special_products","المنتجات الخاصة"
"app_text_product_information","معلومات المنتج"
"app_text_featured_products","ميزة المنتجات"
"app_text_requested_gift_order","لقد طلبت تغليف الهدايا لهذا النظام"
"app_text_step_one_of_three","الخطوة 1/3"
"app_text_review_checkout","مراجعة الخروج"
"app_text_your_wishlist_is_empty","قائمة رغباتك فارغة!"
"app_text_no_shipping_method","لا أسلوب الشحن المتوفرة"
"app_text_no_order_found","لا ترتيب وجدت!"
"app_text_percent_off","٪ إيقاف"
"app_text_coupon_length_validation","يجب أن تكون الأحرف رمز القسيمة أكبر من أو يساوي إلى 4."
"app_text_coupon_code_removed","تمت إزالة قسيمة خصم بنجاح!"
"app_text_facebook_login_cancelled","تم إلغاء الفيسبوك تسجيل الدخول."
"app_text_facebook_login_failure","الفيسبوك الدخول الفشل:"
"app_text_login_failed","فشل عملية الدخول!"
"app_text_wrong_url_install_mab","كنت قد دخلت URL غير صحيح أو لم تكن قد قمت بتثبيت لدينا النقالة التطبيقات وحدة البناء."
"app_text_install_module","تثبيت وحدة"
"app_text_text_loading","جار التحميل"
"app_text_text_exception","استثناء:"
"app_text_msg_reset_password_click","يمكنك إعادة تعيين كلمة المرور الخاصة بك عن طريق النقر على \ 'نسيت كلمة المرور \'!"
"app_text_login_from_here","يمكنك الدخول إلى المتجر من هنا!"
"app_text_login_from_facebook_account","يمكنك أيضا تسجيل الدخول إلى المتجر من حساب الفيسبوك الخاص بك!"
"app_text_login_from_google_account","يمكنك أيضا تسجيل الدخول إلى المتجر من حساب Google الخاص بك!"
"app_text_text_warning","تحذير!"
"app_text_update_address_if_exists","يمكنك تحديث عنوان الشحن أو اختيار أي عنوان آخر في حالة وجود!"
"app_text_continue_to_checkout_click_msg","يمكنك الخروج المنتجات في عربة التسوق ببساطة عن طريق النقر على زر \ 'الاستمرار في الخروج \'!"
"app_text_please_enter_store_url","الرجاء إدخال URL مخزن"
"app_text_product_not_desired_quantity","بعض المنتجات في العربة ليست متاحة في الكمية المطلوبة أم لا في الأوراق المالية. الرجاء إزالة هذا المنتج (ق) من السلة"
"app_text_select_shipping_methods","حدد أسلوب الشحن (ق)"
"app_text_send_email","ارسل بريد الكتروني..."
"app_text_error_in_google_sign_in","بعض الخطأ في جوجل login.Please حاول مرة أخرى."
"app_text_process_payment_problem","حدث خطأ أثناء معالجة بعض الدفع. يرجى المحاولة مرة أخرى."
"app_text_text_state","حالة"
"app_text_update_address","تحديث عنوان"
"app_text_unit_price","سعر الوحدة"
"app_text_total_price","السعر الكلي"
"app_text_text_totals","المجاميع"
"app_text_text_success","نجاح!"
"app_text_sale","تخفيض السعر"
"app_text_new","جديد"
"app_text_share_api_log","سجل API حصة"
"app_text_report_via_email","نقل"
"app_text_view_your_store","عرض مخزن لديك"
"app_text_view_demo","عرض تجريبي"
"app_text_search","بحث"
"app_text_wishlist","قائمة الرغبات"
"app_text_select_language","اختار اللغة"
"app_text_select_font","حدد الخط"
"app_text_share_feedback","حصة ردود الفعل / طلب تغيير مخصص"
"app_text_enter_state","إدخال الدولة"
"app_text_choose_your_app_theme","اختر التطبيقات الموضوع"
"app_text_terms_and_conditions","شزوط واشتراطات الاستخدام"
"app_text_wishlist_only","قائمة الرغبات"
"app_text_wishlist_remove","إزالة من قائمة الامنيات"
"app_text_state_not_required","الدولة ليست مطلوبة للبلد المحدد"
"app_text_currencies","العملة (العملات)"
"app_text_payment_failed","حدث خطأ أثناء معالجة بعض الدفع. محاولة بلطف مرة أخرى"
"app_text_entered_wrong_url","كنت قد دخلت URL غير صحيح أو لم تقم بتثبيت موقعنا المحمول bodule التطبيق البناء."
"app_text_fill_all_required_fields","يرجى تعبئة جميع الحقول المطلوبة."
"app_text_extra_share","متاح هنا:"
"app_text_intent_title","شارك"
"app_text_ok","حسنا"
"app_text_explore_the_app","استكشاف التطبيقات"
"app_text_hour","ساعة"
"app_text_min","الدقائق"
"app_text_sec","ثواني"
"app_text_install_whatsapp","لم يتم تثبيت واتس اب على جهازك"
"app_text_no_account_registered","يتم تسجيل أي حساب للمصادقة البيومترية في هذا الجهاز. يرجى تسجيل حساب جديد أولا."
"app_text_confirm_for_authentication","تأكيد بصمتك أو وجها لمصادقة."
"app_text_login_with_fingerprint","تسجيل الدخول مع بصمات الأصابع"
"app_text_register_for_fingerprint","سجل للحصول على بصمة الدخول"
"app_text_biometric_not_available","التوثيق التعريفية غير متوفرة لهذا الجهاز."
"app_text_fingerprint_not_recognized","اتصال ID لا تعترف بصمتك. يرجى المحاولة مرة أخرى مع بصمة أدرجت أسماؤهم الخاص بك."
"app_text_face_not_recognizes","لا تعترف وجه ID وجهك. يرجى المحاولة مرة أخرى مع الوجه المسجلين بك."
"app_text_fingerprint_or_face_not_enrolled","لا بصمات / وجه المسجلين في الجهاز."
"app_text_biometry_locked_out","وتخوض وظيفة الآن بسبب العديد من المحاولات الفاشلة."
"app_text_register_for_fingerpring","سجل للحصول على بصمات الأصابع"
"app_text_register_for_fingerprint_details","هل ترغب في تسجيل هذا الحساب حصول على وظائف بصمات الأصابع. وبمجرد القيام به يمكنك الدخول إلى هذا الحساب دون استخدام رقم البريد الإلكتروني أو كلمة المرور فقط باستخدام التحقق من بصماته."
"app_text_register","تسجيل"
"app_text_verify","تحقق"
"app_text_get_otp","الحصول على OTP"
"app_text_mobile_number","رقم الهاتف المحمول"
"app_text_mobile_number_optional","رقم الجوال (اختياري)"
"app_text_error_number_verification","ولم يتسن التحقق من رقم هاتفك المحمول! يرجى المحاولة مرة أخرى مع عدد OTP الصحيح!"
"app_text_phone_number_already_exists","مسجلة بالفعل رقم الهاتف. يرجى المحاولة مرة أخرى مع رقم هاتف آخر!"
"app_text_number_verification","رقم التحقق"
"app_text_number_verification_description","تحتاج إلى التحقق من رقم الهاتف. يرجى إدخال رقم الهاتف وتقديم"
"app_text_login_with_phone_number","تسجيل الدخول مع رقم الهاتف"
"app_text_forget_password_description","أدخل عنوان البريد الإلكتروني أو رقم الهاتف المرتبط بحسابك."
"app_text_enter_email_or_mobile_number","أدخل البريد الإلكتروني أو رقم الهاتف المحمول"
"app_text_phone_number_change_message","يتم تسجيل واحد رقم الهاتف بالفعل مع هذا الحساب. يمكنك فقط تغيير رقم الاتصال. الرجاء إدخال رقم هاتف صحيح."
"app_text_enter_otp","أدخل OTP"
"app_text_related_products","منتجات ذات صله"
"app_text_view_reviews","عرض آراء"
"app_text_write_reviews","استعراض الكتابة"
"app_text_please_fill_all_details","يرجى ملء جميع التفاصيل"
"app_text_close","قريب"
"app_text_add_review","إضافة مراجعة"
"app_text_write_a_review","أكتب مراجعة"
"app_text_nick","شق"
"app_text_title","عنوان"
"app_text_no_reviews","لا يوجد تعليقات لهذا المنتج"
"app_text_number_of_reviews","عدد من الاستعراضات"
"app_text_minimum_rating","الرجاء إضافة الحد الأدنى تصنيف"
"app_text_error","خطأ"
"app_text_no_reviews","لم يتم تقديم تعليقات"