"Top Sliders","Top Sliders"
"Slider","Slider"
"Top Banners","Top Reklám"
"Banner","Transzparens"
"Special Products","speciális termékek"
"New Arrivals","Új érkezők"
"Best Sellers","Legtöbbet eladott"
"Login Successful.","Sikeres belépés."
"This is a required field.","Ez kötelezően kitöltendő mező."
"Registration Successful.","Sikeres regisztráció."
"Cannot create user account.","Nem lehet létrehozni a felhasználói fiókot."
"Email Id is required.","E-mail azonosító szükséges."
"Starting at","Kezdve"
"Something went wrong","Valami elromlott"
"Please select a category.","Kérjük, válasszon egy kategóriát."
"Product not found.","A termék nem található."
"Product Id is required.","Termék azonosító szükséges."
"Links","linkek"
"N/A","N / A"
"No","Nem"
"was added to your shopping cart.","adunk a kosárban."
"Cannot add the item to shopping cart.","Nem lehet hozzáadni a tétel a kosárba."
"Item has been updated in your cart successfully.","Elem frissült a kosárban sikeresen."
"Quantity has not been set for this product.","Mennyiség nincs beállítva erre a termékre."
"Cannot update shopping cart.","Nem lehet frissíteni a kosárban."
"Something went wrong.","Valami elromlott."
"Quantity","Mennyiség"
"Item has been removed from your cart successfully.","Pont el lett távolítva a kosarába sikeresen."
"Cannot remove the item.","Nem lehet eltávolítani az elemet."
"Prefix","előtagja"
"First Name","Keresztnév"
"Middle Name/Initial","Középső név / kezdőbetű"
"Last Name","Vezetéknév"
"Suffix","képző"
"Company","Vállalat"
"Address","Cím"
"Address 2","cím 2"
"City","Város"
"Country","Ország"
"State/Province","Állam / tartomány"
"Zip/Postal Code","Zip / Postal Code"
"Telephone","telefon"
"Fax","Fax"
"Please select a country.","Kérjük, válasszon ki egy országot."
"Customer is not looged in","Az ügyfél nem looged a"
"Address not selected.","Cím nincs kiválasztva."
"The customer address is not valid.","Az ügyfél címe nem érvényes."
"Cart information loaded successfully","Kosár információ betöltése sikeres"
"No Shipping Method Required","Nem Szállítás módja Kötelező"
"No Shipping Method Available","Nem Szállítási mód Elérhető"
"Shipping method was set successfully.","Szállítás módszert beállítása sikeres."
"An error occurred while selecting shipping method.","Hiba történt a kiválasztás szállítási módot."
"Please login to view your addresses.","Kérjük, jelentkezzen be, hogy megtekinthesse a címeket."
"Address has been updated successfully.","Cím frissítése sikerült."
"Address has been added successfully.","Cím lett sikeresen hozzáadva."
"Please login to add/update your addresses.","Kérjük, jelentkezzen be a hozzáadni / frissíteni a címeket."
"An error occurred while saving billing address.","Hiba történt a mentés közben a számlázási címet."
"An error occurred while saving shipping address.","Hiba történt a mentés közben a szállítási címet."
"No Payment methods is enabled","Nem Fizetési mód engedélyezve"
"No Payment methods has been configured","Nem Fizetési mód lett beállítva"
"Order created successfully","Rendelés sikeresen létrehozva"
"Your information has been updated successfully.","Az adatok frissítése sikerült."
"Invalid email address.","Érvénytelen e-mail cím."
"If there is an account associated with your email you will receive an email with a link to reset your password.","Ha van egy fiókot társított e-mailt fog kapni egy e-mailt, amelyben egy link a jelszó visszaállításához."
"Please enter your email.","Kérem, írja be az e-mail címét."
"Please login to view your orders.","Kérjük, jelentkezzen be, hogy megtekinthesse a megrendelések."
"Orders not found.","Megrendelések nem található."
"Please login to view your order details.","Kérjük, jelentkezzen be, hogy megtekinthesse a megrendelés részleteit."
"Please select an order.","Kérjük, válasszon egy rendelést."
"Subtotal","Részösszeg"
"Shipping & Handling","szállítás és kezelés"
"Discount","Kedvezmény"
"Tax","Adó"
"Grand Total","Teljes összeg"
"Order created by this cart","Rendezés készítette ezt helyezése"
"Voucher has been applied to your cart successfully.","Utalvány került sor a kosarába sikeresen."
"Coupon code is not valid.","A kupon kód nem érvényes."
"Voucher has been removed from your cart successfully.","Utalvány lett távolítva a kosárban sikeresen."
"Please login to add this product to wishlist.","Kérjük, jelentkezzen be, hogy adjunk a termékről kívánságlista."
"Please select a product","Kérjük, válasszon egy terméket"
"Cannot specify product.","Nem lehet megadni a termék."
"%1$s has been added to your wishlist.","% 1 $ s került a kívánságlista."
"An error occurred while adding item to wishlist: %s","Hiba történt hozzátéve tételt kívánságlista:% s"
"Requested wishlist doesn't exist","A kért kívánságlista nem létezik"
"SKU","SKU"
"Wishlist could not be created.","Kívánságlista nem hozható létre."
"An error occurred while deleting the item from wishlist.","Hiba történt törlése elemet kívánságlista."
"Wishlist item has been successfully removed.","Kívánságlista elemet sikeresen eltávolították."
"An error occurred while deleting the item from wishlist: %s","Hiba történt törlése elemet a kívánságlista:% s"
"Item has been successfully added to the cart.","Elem sikeresen bekerült a kosárba."
"Incl. Tax","Tartalmazza. Adó"
"Unable to post the review.","Nem sikerült elküldeni a felülvizsgálat."
"Recent Products","Legújabb termékek"
"From","Tól től"
"To","Nak nek"
"Mobile number and country code is Mandatory.","Mobil száma és országkód kötelező."
"Country Code is Mandatory.","Ország kód megadása kötelező."
"This mobile number has already been registered with an other account.","Ez a mobil szám már regisztrálva van egy másik fiókot."
"Shipping Method is disabled.","Szállítás módja van tiltva."
"Mobile Number is blank","Mobil szám üres"
"Mobile Number already exist","Mobil száma már léteznek"
"Empty Mobile number.","Ürítse Mobile számot."
"Empty Country Code.","Ürítse országkód."
"Empty Password.","Üres jelszó."
"The password has been changed successfully.","A jelszó megváltoztatása sikeresen."
"Password cannot be updated.","A jelszó nem lehet frissíteni."
"An account using this email address does not exists.","Egy fiók használatával az e-mail cím nem létezik."
"The account has been mapped for the fingerprint login in this device.","A fiók már feltérképezték az ujjlenyomat belépés a készülék."
"The account can not be mapped for the fingerprint login in this device.","A fiókot nem lehet térképezni az ujjlenyomat belépés a készülék."
"Customer data is not available.","Ügyfél adatok nem állnak rendelkezésre."
"Your account isn\'t available at this time.","Fiókja Hát \ 't elérhető ebben az időben."
"This Unique Id is not linked with the Email id.","Ez az egyedi azonosító nem kapcsolódik az e-mail id."
"This Mobile number is not linked with any account.","Ez a mobil szám nem kapcsolódnak egyetlen számla."
"Mobile Number or country code is not available.","Mobil szám vagy országkód nem elérhető."
"Mobile number exists into the database..","Mobile szám létezik az adatbázisba .."
"Mobile number does not exists into the database..","Mobile szám nem létezik az adatbázisba .."
"Not Mentioned","Nem említett"
"Marektplace Module is not enabled","Marektplace modul nincs engedélyezve"
"Seller id is missing","Az eladó azonosítója hiányzik"
"Seller not found","Az eladó nem talált"
"Please login to write review.","Kérjük, jelentkezzen be, hogy írjon beszámolót."
"Not able to submit your review. Title or comment is missing.","Nem tudja küldeni a felülvizsgálatot. Cím vagy megjegyzés hiányzik."
"Not able to submit your review. Posting review for this seller is not allowed.","Nem tudja küldeni a felülvizsgálatot. Kiküldetés beszámolót eladónak nem engedélyezett."
"Thanks! for rating the Seller.","Köszönöm! A ranglista az eladó."
"All","Összes"
"Name","Név"
"A-Z","A-Z"
"Z-A","Z-A"
"Price","Ár"
"Low to High","Növekvő sorrendben"
"High to Low","Magas-Alacsony"
"Ascending","növekvő"
"Descending","Csökkenő"
"All Products","Minden termék"
"Customer already registered.","Vevő már regisztrált."
"An error occurred .","Hiba lépett fel ."
"Success.","Siker."
"Last order was not completed.","Az utolsó megbízás nem fejeződött be."
"Can't apply voucher code on this cart.","Nem lehet alkalmazni a voucher kódot a kosárból."
"An error occurred while adding item to wishlist: %1","Hiba történt hozzátéve tételt kívánságlista:% 1"
"Your review has been accepted for moderation.","Beszámolót elfogadták a moderálás."
"Review by %1","Review by% 1"
"(Posted on %1)","(Közzététel% 1)"
"--Select Category--","--Válassz kategóriát--"
"Order Successfully Created","Rendelés sikeresen létrehozva"
"Hi Thanks for your interest. Keep shopping with us to become our premium customer.","Hi Köszönjük érdeklődését. Tartsa nálunk vásárolt, hogy legyen a prémium ügyfél."
"Order status update","Order status update"
"Hi Your order status has been changed to {{STATUS}}.","Hi A rendelés állapota változott {{}} ÁLLAPOT."
"Hurry!","Siet!"
"Hi","Fejezze be annak érdekében, hogy plusz előnyökkel a következő vásárlásnál."
"Best Seller Products","Best Seller Termékek"
"Featured Products","Kiemelt Termék"
"New Products","új termékek"
"From a category","Egy kategória"
"Custom Products","Egyedi termékek"
"Mobile App Builder","Mobile App Builder"
"Settings saved successfully.","Beállítások sikeresen elmentve."
"Firebase Server key is not available","Firebase Server kulcs nem elérhető"
"Notificaton Send successfully","Notificaton küldése sikeres"
"Data saved successfully.","Az adatok mentése sikeres."
"Component deleted successfully.","Component sikeresen törölve."
"Banner data deleted successfully.","Banner adatok törlése sikeresen megtörtént."
"Layout deleted successfully.","Layout sikeresen törölve."
"Data has been saved successfully.","Az adatok sikeresen elmentve."
"Settings saved successfully","A beállítások sikeresen mentve"
"Edit Layout","Elrendezés szerkesztése"
"Knowband Mobile App Builder is not enabled on this store.","Knowband Mobile App Builder nincs engedélyezve az üzletben."
"Requested API not available","A kért API nem elérhető"
"Requested Api method not available","Kért Api módszer nem áll rendelkezésre"
"Save Settings","Beállítások mentése"
"Edit","szerkesztése"
"Edit Name","Név szerkesztése"
"Delete","Töröl"
"View Details","Részletek megtekintése"
"Layout ID","Layout ID"
"Layout Name","Layout neve"
"Action","Akció"
"Home Page Layout Settings","Főoldal Layout Settings"
"Title","Cím"
"URL","URL"
"Upload","Feltöltés"
"Image Type","image Type"
"Home","itthon"
"Category","Kategória"
"Product","Termék"
"Redirect Activity","átirányítás Activity"
"Disable","letiltása"
"Enable","Engedélyezze"
"Status","Állapot"
"Banners Settings","Reklám beállítások"
"ID","ID"
"Device Type","Eszköztípus"
"Both Android/iOS","Mindkét Android / iOS"
"Android","Android"
"iOS","iOS"
"Sent Date","Küldés dátuma"
"Push Notification History","Push Notification története"
"Return Statuses","Vissza Státusok"
"Coupon Code","Kupon kód"
"Customer Email","Ügyfél e-mail"
"Device","Eszköz"
"Coupon Used","Kupon Használt"
"Yes","Igen"
"Coupon Generated On","Kupon generált"
"Menu Settings","menü beállítások"
"Push Notification Settings","Push Notification beállítások"
"Slider Settings","csúszka beállítások"
"Google Login Settings","Google Bejelentkezési beállítások"
"Facebook Login Settings","Facebook Bejelentkezés beállításai"
"General Settings","Általános beállítások"
"New Arrival","Újonnan érkező"
"Best Seller","Legjobban eladott"
"Statistics","Statisztika"
"Category Icon Settings","Kategória ikonbeállításai"
"Code","Kód"
"Payment Method Settings","Fizetési mód beállításai"
"Image","Kép"
"Upto Time","Akár idő"
"Background Color","Háttérszín"
"Text Color","Szöveg szín"
"Redirect","átirányítás"
"Category ID","Kategória ID"
"Product ID","termék azonosító"
"Product Name","termék név"
"Sort Order","Sorrend"
"Layout Settings","Layout Settings"
"Back","Vissza"
"Session has expired. Please try again after Re-login.","Munkamenet lejárt. Kérjük, próbálja meg újra újra be."
"Sorry","idézőjelek nélkül állnak rendelkezésre ebben a sorrendben ebben az időben."
"Place Order","rendelés"
"Heading of this Component","Rovat e komponens"
"Field cannot be empty.","Mező nem lehet üres."
"Select Product Type","Termék kiválasztása Type"
"Select Category","Válassz kategóriát"
"Select Products from Category","Válassza a kategóriából"
"Select Products","Select Products"
"Number of products","Termékek száma"
"Image Content Mode","Képes tartalom Mode"
"Scale aspect fill","Scale szempont kitöltés"
"Scale aspect Fit","Scale szempont Fit"
"Please select category.","Kérjük, válasszon kategóriát."
"Please select product.","Kérjük, válassza ki a termék."
"Please select image type","Kérjük, válassza ki a kép típusát"
"Please provide image url","Kérjük, adja meg a következő kép url"
"Please select category","Kérjük, válasszon kategóriát"
"Please select product","Válasszon terméket"
"Only Positive integer is allowed.","Csak Pozitív egész szám engedélyezett."
"Please select an option from dropdown.","Kérjük, válasszon egy lehetőséget a legördülő menüből."
"You can enter only numbers.","Akkor meg csak számokat."
"Number should be greater than 0.","Száma nagyobb kell legyen, mint 0."
"Field cannot be greater than {#} characters.","A mező nem lehet nagyobb, mint {#} karakter."
"Field cannot be less than {#} character(s).","Mező nem lehet kevesebb, mint {#} karakter (ek)."
"Please enter Email.","Kérjük, adja meg e-mailben."
"Please enter a valid Email.","Kérlek létező email címet adj meg."
"Invalid date format.","Érvénytelen dátum formátumát."
"Number is not in the valid range. It should be between {1} and {100}","Szám nem az érvényes tartományon. Között kell lennie {1} és {100}"
"Field should be numeric.","Field legyen numerikus."
"Field can have only upto two decimal values.","A mező csak legfeljebb két tizedes értékeket."
"Email cannot be greater than {#} characters.","E-mail nem lehet nagyobb, mint {#} karakter."
"Zip should not have special characters.","Zip nem kell speciális karaktereket."
"Percentage should be in number.","Százalékos kell lennie számát."
"Percentage should be between 0 and 100.","Százalékot kell 0 és 100 között."
"Size cannot be greater than {#} characters.","Mérete nem lehet nagyobb, mint {#} karakter."
"Color could not be greater than {#} characters.","Szín nem lehet nagyobb, mint {#} karakter."
"Color is not valid.","Szín nem érvényes."
"Special characters are not allowed.","Speciális karakterek használata nem lehetséges."
"Script tags are not allowed.","Script-címkék nem engedélyezett."
"Style tags are not allowed.","Stílus címkék használata nem megengedett."
"Iframe tags are not allowed.","Iframe címkék használata nem megengedett."
"Uploaded file is not an image.","A feltöltött fájl nem kép."
"Uploaded file size must be less than #.","A feltöltött fájl mérete nem haladhatja meg a #."
"Field should not contain HTML tags.","Mező nem tartalmazhat HTML-címkéket."
"You can enter only positive numbers.","Akkor meg csak pozitív számok."
"Select Image Type","Válassza ki az Image Type"
"Select an option","Válassz egy lehetőséget"
"Image Url","kép URL-"
"Enter URL","Írd be az URLt"
"Image Upload","A fényképek feltöltése"
"Select Redirect Activity","Select átirányítás Activity"
"CMS","CMS"
"Login","Belépés"
"Search","Keresés"
"Select Product","Termék kiválasztása"
"Banner Width","Banner szélessége"
"Banner Height","Banner magasság"
"Margin Top","Margó felső"
"Margin Bottom","Alsó margó"
"Margin Left","Margó bal"
"Margin Right","jobb margó"
"Countdown Time Validity","Visszaszámlálás érvényességi idejének"
"Enable Time Background Color","Idő engedélyezése háttérszíne"
"Time Background Color","Idő háttérszíne"
"Timer Text Color","Timer Szövegszín"
"Select Date","Válassza ki a dátum"
"Save","Megment"
"This field cannot be empty","Ez a mező nem lehet üres"
"Select 1st Category","Válassza az 1. kategória"
"Upload Image","kép feltöltése"
"Remove image","kép eltávolítása"
"Select 2nd Category","Válassza ki a 2. kategória"
"Select 3rd Category","Válassza 3. kategória"
"Select 4th Category","Válassza 4. kategória"
"Select 5th Category","Válassza 5. kategória"
"Select 6th Category","Válassza 6. kategória"
"Select 7th Category","Válassza 7. kategória"
"Select 8th Category","Válassza 8. kategória"
"Are your sure?","Biztos vagy benne?"
"Are you sure?","biztos vagy ebben?"
"Edit Component","edit komponenst"
"Close","Bezárás"
"Need to add value in atleast 4 categories","Szükségességét, hogy hozzáadott értéket, amelyek legalább 4 kategóriában"
"Component added successfully","Component sikeresen hozzáadva"
"You can add only 20 components in a layout","Felveheti csupán 20 komponensek elrendezése"
"Top Categories","Top kategóriák"
"Banner-Square","Banner-tér"
"Banner-Custom","Banner-Custom"
"Banner-Horizontal Sliding","Banner-vízszintes csúszó"
"Banner-Grid","Banner-Grid"
"Banner-With Countdown timer","Banner-val Idõzítés"
"Products-Square","Termékek-tér"
"Products-Horizontal Sliding","Termékek vízszintes csúszó"
"Products-Grid","Termékek-Grid"
"Edit Heading","szerkesztés sorban"
"Category1","category1"
"Category2","2.kategória"
"Category3","Category3"
"Category4","category4"
"Horizontal Banner","vízszintes Banner"
"Banner-Grid 1","Banner-Grid 1"
"Banner-Grid 2","Banner-Grid 2"
"Banner-Grid 3","Banner-Grid 3"
"Banner-Grid 4","Banner-Grid 4"
"Countdown Banner","visszaszámlálás Banner"
"Hours","Óra"
"Minutes","Perc"
"Seconds","Második"
"Horizontal Products","vízszintes Termékek"
"Product Grid","Termék Rács"
"Payment Mode","fizetési mód"
"Sandbox","Sandbo"
"Live","Liv"
"Client Id","Ügyfélazonosító"
"Please select atleast one country","Kérjük, válasszon ki legalább egy országot"
"Please enter a valid color code","Adjon meg egy érvényes színkódot"
"Date & Time should be greater than current date time.","Dátum és idő legyen nagyobb, mint az aktuális dátum idő."
"Field cannot be empty","Mező nem lehet üres"
"Total Coupons Generated","Összes kupon generált"
"Total Coupons Unused","Összes kupon Unused"
"Total Coupons Used","Összes kupon Használt"
"`Active Date` cannot be greater than `Expire Date`","`Active-időpont nem lehet nagyobb, mint a` Lejár-időpont"
"`From` Date cannot be greater than `To` Date","`From` dátum nem lehet nagyobb, mint` To` dátuma"
"The sum of Gravity is not in the valid range. It should be betwen 1 and 100. The total is:","Az összeg gravitáció nem az érvényes tartományon. Meg kell betwen 1 és 100 A teljes:"
"No list exists for this API key.","Nincs lista létezik erre API kulcsot."
"No. of times","Számú alkalommal"
"Date","Dátum"
"Please upload an image file.","Töltsön fel egy képfájlt."
"To percentage should be greater than From percentage.","Ahhoz százalékos nagyobbnak kell lennie tól százalékban."
"Value must be greater than 0","Értéknek nagyobbnak kell lennie, mint 0"
"Allowed extension is","Engedélyezett kiterjesztés"
"Please provide correct format. Maximum allowed file size is","Adja meg a pontos méret. A megengedett legnagyobb fájlméret"
"Validated successfully","érvényesítése sikeres"
"Invalid Api Key","Érvénytelen API-kulcs"
"Message","Üzenet"
"Select Brodcast Device Type","Válassza Brodcast Device Type"
"Remove Image","kép eltávolítása"
"Only .png or .jpg file format accepted. File size should not be more than 2 MB.","Csak .png vagy .jpg file formátum elfogadott. A fájl mérete ne legyen több, mint 2 MB."
"--Select Product--","--VÁLASSZON Product--"
"Enable/Disable","Bekapcsolni kikapcsolni"
"Facebook App Id","Facebook App Id"
"Validate App Id","Érvényesítése App Id"
"Enable the Extension","Engedélyezze a bővítmény"
"This setting will enable/disable entire mobile app functionality.","Ez a beállítás engedélyezése / tiltása teljes mobilalkalmazás funkciót."
"Redirect on Cart Page when Add To Cart","Átirányítás kosárba Oldal amikor Kosárba"
"This setting will redirect to cart page or keep on the product page when add to cart is clicked.","Ez a beállítás fog irányítani kosár oldalára, vagy tartsa az adott termék oldalán, amikor KOSÁRBA kattint."
"Display Short Description","A kijelző Rövid leírás"
"Enable Request Log Reporting","Engedélyezése kérése Log Reporting"
"This setting will enable/disable error log reporting for every request to Web Services of the module.","Ez a beállítás engedélyezése / tiltása error log jelentések minden kérést Web Services a modul."
"Show App Preview","Megjelenítése App Preview"
"This setting will show/hide the app preview.","Ez a beállítás megjelenítéséhez / elrejtéséhez app preview."
"Enable Tab Bar","Engedélyezze Lapozósáv"
"This setting will enable/disable the tab bar in the app.","Ez a beállítás engedélyezi / letiltja a lap bár az alkalmazásban."
"Show Spin and Win","Itt található spin és Win"
"Show spin and win popup on the mobile App.","Itt található spin és nyerj felugró a mobil App."
"Enable/Disable Fingerprint Login","Engedélyezése / tiltása ujjlenyomat Bejelentkezés"
"This setting will enable/disable Fingerprint login in Mobile App.","Ez a beállítás engedélyezése / tiltása ujjlenyomat bejelentkezési Mobile App."
"Enable/Disable Phone Number Registration","Engedélyezése / tiltása telefonszám Regisztráció"
"This setting will enable/disable customer registration and login via phone number verification.","Ez a beállítás engedélyezése / tiltása ügyfél regisztráció és belépés keresztül telefonszám ellenőrzésére."
"Mandatory Phone number at registration","Kötelező Telefonszám regisztrációkor"
"This setting will set the Phone number field as optional or required.","Ez a beállítás meghatározza a Telefonszám mező opcionális vagy kötelező."
"Select layout for home page","Válassza elrendezést honlap"
"Please select","Kérlek, válassz"
"Disabled Shippping Sethods","Mozgáskorlátozottak Shippping Sethods"
"Select shipping methods from the list for which you want to disable this module.You can leave it to empty if you want to enable this module for all shipping methods.","Válassza szállítási módok a listából, amelynek meg szeretné tiltani ezt module.You hagyhatja, hogy ürítse ki, ha azt szeretné, hogy ez a modul az összes szállítási mód."
"Select shipping methods","Válassza ki a szállítási módok"
"Enable Whatsapp Chat Support","Engedélyezze Whatsapp Chat Support"
"This setting will enable/disable WHATSAPP chat support option in mobile app.","Ez a beállítás engedélyezése / tiltása WhatsApp chat lehetőséget mobilalkalmazás."
"Chat Number","Chat száma"
"Enter Chat number with Country code as well.","Írja Chat számot országkód is."
"Enable Live Chat Support","Engedélyezze Live Chat Support"
"This setting will enable/disable live chat support option in mobile app.","Ez a beállítás engedélyezése / tiltása az élő chat támogatás lehetőséget mobilalkalmazás."
"Chat API Key","Chat API-kulcs"
"Enter API Key for Live chat","Írja API Key Élő csevegés"
"Enable Url Encoding Of Image Links","Az URL kódolás fényképek linkek"
"This setting will enable/disable Url encoding of all image links.","Ez a beállítás engedélyezése / tiltása URL kódolás az összes kép linkeket."
"Look And Feel","Nézz és érezz"
"Enable Logo","engedélyezze Logo"
"Upload logo","upload logo"
"Remove logo","Remove logo"
"App Button Color","App gomb színe"
"Select button color of the app.","Select gomb színe a kb."
"App Button Text Color","App gomb szövegének színe"
"Select button text color of the app.","Select gomb szövegének színe az alkalmazás."
"App Theme Color","App Theme Szín"
"Select theme color of the app.","Téma kiválasztása színe az alkalmazás."
"App Background Color","App háttérszíne"
"Select background color of the app.","Select háttér színe az alkalmazás."
"Custom CSS","Egyéni CSS"
"Add custom CSS code that you want to be executed on the app","Egyéni CSS kódot, amit szeretnénk, hogy végre kell hajtani az alkalmazás"
"Edit Payment Method Settings","Fizetési mód szerkesztése beállítások"
"Something went wrong. Please try again.","Valami elromlott. Kérlek próbáld újra."
"Edit Settings","Beállítások szerkesztése"
"Upload Google JSON file","Feltöltés Google JSON fájlban"
"Only .json file format accepted. File size should not be more than 1 MB.","Csak .json fájlformátum elfogadott. A fájl mérete ne legyen több, mint 1 MB."
"Uploaded App Id","Feltöltött App Id"
"Uploaded Api Key","Feltöltött API-kulcs"
"Send New Push Notification","Küldj New Push Notification"
"Send","Küld"
"Cancel","Megszünteti"
"View Push Notification","Részletek Push Notification"
"Send New Notification","Küldj Új értesítési"
"Contact Us Page","Kapcsolat oldal"
"Enable/Disable Contact Us Page","Engedélyezése / tiltása Kapcsolat oldal"
"Select Contact Us Page","Válassza Kapcsolat oldal"
"Select Product Carousel Type","Kiválaszt Termék Carousel típusa"
"Menu 1","1. menü"
"Enable/Disable Menu","Engedélyezése / tiltása menü"
"Menu Title","menü Cím"
"Enter Tiltle for Menu","Írja Tiltle a Menü"
"Select Page","Select Page"
"Menu 2","2. menü"
"Menu 3","3. menü"
"Menu 4","4. menü"
"Category Icon","Kategória ikon"
"Select category to add icon","Kategória kiválasztása hozzá ikon"
"Select category to add/edit icon.","Válasszon kategóriát felvenni / módosítani ikonra."
"Category icon saved successfully.","Kategória ikon sikeresen mentve."
"Something went wrong","frissítsd az oldalt."
"Invalid File Format","Kérjük, válasszon csak ajánlott típusú .."
"File size must be less than 1MB","A fájl mérete kisebb legyen, mint 1 MB"
"Invalid File.","Érvénytelen fájl."
"Add New Layout","Új elrendezés"
"Firebase Server Setting","Firebase szerver beállítás"
"Server Key","Server Key"
"Enter firebase server key","Írja firebase kiszolgálókulcs"
"New Order Settings","New Order beállítások"
"Enable/Disable new order push notification","Engedélyezése / tiltása új rend push értesítési"
"Title for new order push notification","Cím az új rend push értesítési"
"Message for new order push notification","Üzenet az új rend push értesítési"
"Order Status Change Settings","Rendelés állapota Beállítások módosítása"
"Enable/Disable order status change push notification","Engedélyezése / tiltása a rendelés állapotának változása push értesítési"
"Title for order status change push notification","Cím a rendelés állapotának változása push értesítési"
"Message for order status change push notification","Üzenet a rendelés állapotának változása push értesítési"
"Abandoned Cart Settings","Elhagyott Kosár Beállítások"
"Enable/Disable abandoned cart push notification","Engedélyezése / tiltása elhagyott helyezése push értesítési"
"Title for abandoned cart push notification","Cím elhagyott helyezése push értesítési"
"Message for abandoned cart push notification","Üzenet az elhagyott helyezése push értesítési"
"Time Interval","Időintervallum"
"Time interval to check Abandoned cart(In Hours)","Időintervallum, hogy ellenőrizze elhagyott helyezése (órákban)"
"Cron Instructions","cron utasítások"
"Add the cron to your store via control panel/putty to send Abandoned cart push notifications according to your settings above. Find below","Az utasítás hozzá a cron., Add a cron a boltban kezelôpanelrôl / putty küldeni Elhagyott helyezése push értesítéseket szerint a fenti beállításokat. Alább az utasítást, hogy hozzá a cron."
"URL to Add Cron via Control Panel","URL-t Add Cron kezelôpanelrôl"
"Cron setup via SSH","Cron beállítás SSH-n keresztül"
"Preview","Előnézet"
"Paypal Mobile","Paypal Mobile"
"COD Mobile","COD Mobile"
"Invalid File Format.","Érvénytelen fájlformátum."
"File should be less than 2 Mb.","Fájl legyen kevesebb, mint 2 Mb."
"Please Upload the Image.","Kérjük, töltse fel a képet."
"Please Upload Image For Category.","Kérjük Kép feltöltése kategóriára."
"app_text_category_products","Kategória"
"app_text_no_internet","Internet probléma"
"app_text_product_image_viewer","Product Image Viewer"
"app_text_payment_methods","fizetési módok"
"app_text_seller_comments","Az eladó Comment (s)"
"app_text_home","itthon"
"app_text_category","Kategóriák"
"app_text_login","Belépés"
"app_text_logout","Kijelentkezés"
"app_text_login_signup","Belépés Regisztrálás"
"app_text_account","Én számlám"
"app_text_contact","Lépjen kapcsolatba velünk"
"app_text_about","Rólunk"
"app_text_add_to_wishlist","Hozzáadni a Kívánságlistához"
"app_text_add_to_cart","Kosárba"
"app_text_off","ki"
"app_text_all","Összes"
"app_text_languages","Nyelv (ek)"
"app_text_sort","Fajta"
"app_text_filter","Szűrő"
"app_text_sort_order","Select sorrend"
"app_text_price_asce","Ár: növekvő"
"app_text_price_desc","Ár: csökkenő"
"app_text_product","Termék"
"app_text_select","választ"
"app_text_instock","Raktáron"
"app_text_outstock","Nincs raktáron"
"app_text_product_info","Termék információ és ápolás"
"app_text_customization","Termék testreszabás"
"app_text_accessories","kiegészítők"
"app_text_view_less","Kevesebb találat"
"app_text_view_more","Mutass többet"
"app_text_provide_details","Kérjük, részletezze"
"app_text_discount_price","Kedvezményes ár"
"app_text_discount_percentage","engedményszázalék"
"app_text_rating","Értékelés *"
"app_text_bag","Bevásárló táska"
"app_text_apply_voucher","Alkalmazza utalvány"
"app_text_entry_voucher_code","Kuponkód beírása"
"app_text_apply","Alkalmaz"
"app_text_gift","Díszcsomagolás"
"app_text_entry_message","Írja be az üzenetet"
"app_text_available_first","Küldj kapható termékek első"
"app_text_continue_shopping","Folytatni a vásárlást"
"app_text_continue_checkout","Tovább az fizetéshez"
"app_text_update_quantity","frissítés Mennyiség"
"app_text_enter_quantity","Írja mennyiség"
"app_text_empty_cart","A szállítási kosara üres!"
"app_text_goto_home","Menj a főoldalra"
"app_text_review_your_order","Nézze át rendelését"
"app_text_add_new_shipping_address","Új cím hozzáadása"
"app_text_history","Szállítási adatok"
"app_text_billing_details","Számlázási adatok"
"app_text_same_as_shipping_details","Megegyezik a szállítási címmel"
"app_text_summary","megrendelés-összesítő"
"app_text_shipping_methods","Szállítási módok"
"app_text_comment","Rendelési megjegyzés"
"app_text_payment_summary","fizetési összesítő"
"app_text_proceed","Tovább a fizetésre"
"app_text_make_payment","Kifizetni"
"app_text_congratulations","Gratulálunk"
"app_text_shipping_addresses","Szállítási cím (ek)"
"app_text_billing_addresses","Számlázási cím (ek)"
"app_text_addresses","Cím (ek)"
"app_text_order_detail","rendelés részletei"
"app_text_update_personal","Frissítés személyes adatai"
"app_text_update_password","frissítés jelszó"
"app_text_current_password","jelenlegi jelszó"
"app_text_new_password","új jelszó"
"app_text_confirm_password","Jelszó megerősítése"
"app_text_cancel","Megszünteti"
"app_text_save","Megment"
"app_text_order_ref","Rendelési szám"
"app_text_status","Állapot"
"app_text_placed","Rátette"
"app_text_reorder","Átrendezés"
"app_text_order_details","A rendelés adatai"
"app_text_status_history","status History"
"app_text_shipping_address","szállítási cím"
"app_text_billing_address","számlázási cím"
"app_text_order_summary","megrendelés-összesítő"
"app_text_shipping_method","Szállítási Mód"
"app_text_payment_method","Fizetési mód"
"app_text_gift_wrapping","Ajándék csomagolás"
"app_text_no_shipping_address","Nincs szállítási cím hozzáférhető!"
"app_text_no_order_details","Nincs rendelési adatok hozzáférhető!"
"app_text_signup","Regisztrálj"
"app_text_continue_guest","Folytatás vendégként"
"app_text_email","Email"
"app_text_password","Jelszó"
"app_text_forgot_password","Elfelejtett jelszó"
"app_text_login_social_account","Akkor jelentkezz szociális számla."
"app_text_login_with_google","Belép Google+"
"app_text_login_with_facebook","Jelentkezz be facebookal"
"app_text_signup_with_google","Regisztráció a Google+"
"app_text_signup_with_facebook","Regisztráció Facebook"
"app_text_msg_enter_valid_email","Kérjük, adjon meg egy érvényes e-mail!"
"app_text_msg_enter_email","Kérjük, írja be az e-mail!"
"app_text_msg_enter_password","Kérjük, írja be a jelszót!"
"app_text_msg_password_characters_less_than_3","Kérjük, írja be a jelszót, amely karaktereket, hogy vagy egyenlő 3!"
"app_text_msg_first_name","Keresztnév"
"app_text_msg_last_name","Vezetéknév"
"app_text_msg_dob","Születési dátum"
"app_text_msg_confirm_password","Jelszó megerősítése"
"app_text_msg_personal_details","Személyes adatok"
"app_text_msg_pass_not_matched","Jelszó és a Jelszó megerősítése nem illeszkedik!"
"app_text_sold_by","Által értékesített:"
"app_text_write_review","Írja meg véleményét!"
"app_text_view_review","Részletek Review (s)"
"app_text_view_seller_products","Részletek Az eladó termék (ek)"
"app_text_wait","Kérlek várj"
"app_text_loading","Adatok betöltése..."
"app_text_msg_went_wrong","Valami elromlott. Kérlek próbáld újra."
"app_text_msg_no_internet_found","Nincs internet kapcsolat található."
"app_text_msg_no_internet_title","Nincs internet"
"app_text_msg_request","Kérés nem folyamatot. Ez azért lehet, mert a lassú internet kapcsolat."
"app_text_msg_order_placed_email","A megrendelését sikeresen. Ön kap egy e-mailt illetően ugyanaz."
"app_text_msg_product_look","Akkor keresni termék (ek) által kategóriában."
"app_text_msg_search_product","Kereshet bármilyen terméket egy boltban szöveges vagy hang!"
"app_text_msg_view_cart","Megnézheti bevásárlókocsi mennyiségben!"
"app_text_msg_logout","Ön logout sikerült!"
"app_text_msg_view_product","Megnézheti termék lista vagy rács módban!"
"app_text_msg_sort_product","Akkor rendezni Termék azok árát!"
"app_text_msg_filter_product","Szűrheti termék (ek), mint egy a szükséges!"
"app_text_text_next","Következő"
"app_text_text_okay","oké"
"app_text_required","Kívánt"
"app_text_msg_rating","Kérjük, válasszon értékelés"
"app_text_msg_add_cart","Felveheti termék kosárba egyszerűen kattintson a gombra \ „kosárba \”!"
"app_text_msg_add_wishlist","Felveheti termék kívánságlista egyszerűen kattintson a gombra \ „Kívánságlistára \”!"
"app_text_msg_product_price","A termék ára frissült!"
"app_text_msg_product_not_available","Ez a termék nem rendelhető!"
"app_text_msg_combination","Ez a kombináció nem létezik erre a termékre. Kérjük, válasszon másik kombinációt."
"app_text_msg_product_no_stock","Ez a termék nem áll rendelkezésre a kívánt mennyiséget, vagy nincs készleten!"
"app_text_msg_out_stock","Néhány termék a kosárban nem áll rendelkezésre a kívánt mennyiséget, vagy nincs készleten. Kérjük, távolítsa el az ilyen termék (ek) a kosárból!"
"app_text_msg_checkout_products","Akkor pénztár termékek bevásárlókocsi egyszerűen kattintson a gombra \ „Tovább a fizetéshez \”."
"app_text_msg_apply_voucher","Akkor lehet alkalmazni utalvány a kosárba!"
"app_text_msg_update_quantity","Tudod frissíteni termék mennyiségét, vagy távolítsa el a bevásárlókocsi!"
"app_text_msg_view_details","Megnézheti a termék részletes kattintva termék képre!"
"app_text_msg_success","Siker!"
"app_text_msg_failure","Kudarc!"
"app_text_msg_enter_quantity","Kérjük, adjon meg mennyiséget"
"app_text_quantity","Mennyiség"
"app_text_remove","Vegye ki"
"app_text_customization_details","testreszabás Részletek"
"app_text_msg_add_address","Felvehet új szállítási címet gombra kattintva!"
"app_text_msg_update_address","Tudod frissíteni a szállítási címet!"
"app_text_msg_select_address","Megadhatja bármilyen szállítási cím egyszerűen kattintson rá!"
"app_text_select_address_text","* Kérem, válasszon szállítási címet át rendelését."
"app_text_msg_no_product","Nincsenek termékek!"
"app_text_msg_no_comment_available","No comment (s) kapható!"
"app_text_msg_reset_password","Akkor visszaállíthatja a jelszavát, kattintson `Felejtsd Password`"
"app_text_msg_login","Akkor jelentkezzen be a boltba innen!"
"app_text_msg_login_fb","Azt is be a boltba a Facebook számla!"
"app_text_msg_login_google","Azt is be a boltba, a Google fiók!"
"app_text_msg_update_profile","„Akkor frissítse profilját részletek"
"app_text_product_info_and_care","Termék információ és ápolás"
"app_text_download","Letöltés"
"app_text_minimal_quantity","minimális mennyiség"
"app_text_seller_details","Az eladó adatai"
"app_text_pack_content","Pack tartalma"
"app_text_submit","Beküldés"
"app_text_msg_forget_password","Írja be az e-mail címet a fiókjához társított. Kattintson be, hogy a jelszavát e-mailben küldjük el."
"app_text_enter_your_email","Írd be az email címed"
"app_text_reset_password","Jelszó visszaállítása"
"app_text_view_selected_filter","Megnézheti a kiválasztott szűrési eredmény kattintva ezt a képet!"
"app_text_clear_selected_filter","Törölheti az alkalmazott szűrő kattintva ezt a képet!"
"app_text_no_filter","nincsenek szűrők"
"app_text_phone_number_required","* Meg kell regisztrálni legalább egy telefonszámot"
"app_text_refresh","Frissítés"
"app_text_internet_connection_failed","Internet kapcsolat megszakadt!"
"app_text_internet_connection_problem","Lehet, hogy néhány probléma az internetkapcsolatot. Kérem ellenőrizze."
"app_text_cancel_transaction","Mégsem tranzakció"
"app_text_middle_of_payment","Ön a közepén a fizetési tranzakció. Tényleg akarsz szakítani a tranzakciót?"
"app_text_yes","Igen"
"app_text_no","Nem"
"app_text_enter_your_comment","Írja meg véleményét"
"app_text_msg_shipping_methods_unavailable","„Néhány termék (ek)"
"app_text_msg_select_shipping_methods","Kérjük, válassza ki a szállítási módot"
"app_text_share_log","Share Log"
"app_text_error_minimum_value","Írja értéke nagyobb, mint 0"
"app_text_payment_failed_contact_support","A rendelés nem sikerült feldolgozni. Kérjük vegye támogatás bármilyen kérdése"
"app_text_currency","Árfolyam (ok)"
"app_text_choose_payment_method","Válassz fizetési módot"
"app_text_no_payment_method","Nincs fizetési mód (ok) található!"
"app_text_no_payment_currently","Nincsenek fizetési mód megadva."
"app_text_no_make_payment","Ön nyert \ 't kell tenni, hogy a fizetési mivel ez mobilalkalmazás beállítás demo célra."
"app_text_make_payment_after_select","Tudod, hogy a fizetési kiválasztása után valamely fizetési mód!"
"app_text_title_paypal_payment","PayPal fizetés"
"app_text_order_total_price","Rendezés Ár összesen"
"app_text_user_cancelled_the_payment","A felhasználó törli a fizetési"
"app_text_invalid_payment_try_again","Érvénytelen fizetés. Kedves próbálja újra"
"app_text_text_skip","Skip"
"app_text_wishlist_item_removed","Elem eltávolítva a kívánságlista."
"app_text_wishlist_item_added","Elem hozzáadva a kedvencekhez"
"app_text_subject","Hey Ezt nézd meg!"
"app_text_text_extra_share","Elérhető itt:"
"app_text_share_intent_title","Ossza meg"
"app_text_error_product_name_url","A termék neve vagy URL üres lehet."
"app_text_tag_error","Hiba"
"app_text_demo_app_user_form","Kérjük, töltse ki az adatokat!"
"app_text_full_name_demo_app_user","A neved*"
"app_text_email_demo_app_user","Email*"
"app_text_store_url_demo_app_user","Üzlet url*"
"app_text_continue_demo_app_user_form","Folytatni"
"app_text_invalid_url","Érvénytelen Store URL!"
"app_text_invalid_email","Érvénytelen e-mail!"
"app_text_sellers","eladók"
"app_text_seller","Eladó"
"app_text_seller_shipping_policy","szállítási szabályzat"
"app_text_seller_return_policy","Return Policy"
"app_text_review_title","Cím *"
"app_text_review_comment","Megjegyzés *"
"app_text_review_rating","Értékelés *"
"app_text_filter_products","Keresés termék (ek)"
"app_text_select_category","Válassz kategóriát"
"app_text_select_sort","leválogatás"
"app_text_clear","Egyértelmű"
"app_text_edit","szerkesztése"
"app_text_cart","kocsi"
"app_text_move_to_cart","Mozgás a kosárba"
"app_text_no_shipping_method_available","Nem Szállítási mód Elérhető"
"app_text_module_not_installed","Kérjük, lépjen kapcsolatba a webhely rendszergazdája adatok megtekintéséhez ezen az oldalon."
"app_text_no_data_found","Nem található adat!"
"app_text_enter_coupon_code","adja meg a kupon kódot"
"app_text_apply_coupon","kupon felhasználása"
"app_text_add_more_in_cart","Add tovább a kosárban helyre ebben a sorrendben"
"app_text_shipping_details","Szállítási adatok"
"app_text_choose_app_theme","Válasszon App Theme"
"app_text_enter_store_url","Írja be az URL-címét"
"app_text_sample_store_url","Ex: http://your_store.com/"
"app_text_downloads","Letöltések"
"app_text_done","Kész"
"app_text_posted_on","Közzétett:"
"app_text_commented_by","Által kommentált:"
"app_text_seller_comment","Megjegyzés:"
"app_text_open","Nyisd ki"
"app_text_order_status","Nyisd ki"
"app_text_special_products","speciális termékek"
"app_text_product_information","Termék információ"
"app_text_featured_products","jellemző termékek"
"app_text_requested_gift_order","Azt kérte, csomagolópapír erre sorrendben"
"app_text_step_one_of_three","lépés 1/3"
"app_text_review_checkout","Vélemény fizetéshez"
"app_text_your_wishlist_is_empty","A Kívánságlistád üres!"
"app_text_no_shipping_method","Nem Szállítási mód Elérhető"
"app_text_no_order_found","Nem talált rendelés!"
"app_text_percent_off","% ki"
"app_text_coupon_length_validation","Kuponkód karakter nagyobbnak kell lennie, vagy egyenlő, mint 4."
"app_text_coupon_code_removed","A kupon kedvezmény eltávolítása sikeresen megtörtént!"
"app_text_facebook_login_cancelled","Facebook login törölték."
"app_text_facebook_login_failure","Facebook Login hiba:"
"app_text_login_failed","Bejelentkezés sikertelen!"
"app_text_wrong_url_install_mab","Lehet, hogy írt rossz URL-t vagy még nem telepíti a mobil App builder modult."
"app_text_install_module","Telepítse modul"
"app_text_text_loading","Betöltés"
"app_text_text_exception","Kivétel:"
"app_text_msg_reset_password_click","Akkor visszaállíthatja a jelszavát, kattintson \ „Forget Password \”!"
"app_text_login_from_here","Akkor jelentkezzen be a boltba innen!"
"app_text_login_from_facebook_account","Azt is be a boltba a Facebook számla!"
"app_text_login_from_google_account","Azt is be a boltba, a Google fiók!"
"app_text_text_warning","Figyelem!"
"app_text_update_address_if_exists","Tudod frissíteni a szállítási címet, vagy válasszon más címet, ha létezik!"
"app_text_continue_to_checkout_click_msg","Akkor pénztár termékek bevásárlókocsi egyszerűen kattintson a gombra \ „Tovább a fizetéshez \”!"
"app_text_please_enter_store_url","Kérjük, adja áruház URL"
"app_text_product_not_desired_quantity","Néhány termék a kosárban nem áll rendelkezésre a kívánt mennyiséget, vagy nincs készleten. Kérjük, távolítsa el az ilyen termék (ek) a kosárból!"
"app_text_select_shipping_methods","Válassza Szállítási mód (ok)"
"app_text_send_email","Küldjön e-mailt..."
"app_text_error_in_google_sign_in","Néhány hiba google login.Please próbálja újra."
"app_text_process_payment_problem","Néhány feldolgozása közben hiba történt a fizetés. Kérjük, próbálja újra."
"app_text_text_state","Állapot"
"app_text_update_address","Cím frissítése"
"app_text_unit_price","Egységár"
"app_text_total_price","Teljes ár"
"app_text_text_totals","összesen"
"app_text_text_success","Siker!"
"app_text_sale","Eladás"
"app_text_new","Új"
"app_text_share_api_log","Share API log"
"app_text_report_via_email","Jelentés"
"app_text_view_your_store","Tekintse meg Store"
"app_text_view_demo","bemutató megtekintése"
"app_text_search","Keresés"
"app_text_wishlist","Kívánság lista"
"app_text_select_language","Válasszon nyelvet"
"app_text_select_font","Válassza ki a betűtípust"
"app_text_share_feedback","Ossza meg észrevételeit / Egyedi változtatási kérelem"
"app_text_enter_state","Írja állam"
"app_text_choose_your_app_theme","Válasszon App Theme"
"app_text_terms_and_conditions","Felhasználási feltételek"
"app_text_wishlist_only","Kívánság lista"
"app_text_wishlist_remove","Vegyük le a kívánságlista"
"app_text_state_not_required","Állam, amely nem szükséges a kiválasztott ország"
"app_text_currencies","Árfolyam (ok)"
"app_text_payment_failed","Néhány feldolgozása közben hiba történt a fizetés. Kedves próbálja újra"
"app_text_entered_wrong_url","Lehet, hogy írt rossz URL-t vagy nincs telepítve a mobil app építője bodule."
"app_text_fill_all_required_fields","Kérjük, töltse ki az összes szükséges mezőt."
"app_text_extra_share","Elérhető itt:"
"app_text_intent_title","Ossza meg"
"app_text_ok","rendben"
"app_text_explore_the_app","Fedezze fel a App"
"app_text_hour","Óra"
"app_text_min","Percek"
"app_text_sec","másodperc"
"app_text_install_whatsapp","WhatsApp nincs telepítve a készülékre"
"app_text_no_account_registered","Nem veszik nyilvántartásba a biometrikus azonosítás a készülék. Kérjük regisztráljon egy fiókot."
"app_text_confirm_for_authentication","Erősítsd meg az ujjlenyomat vagy az arc hitelesíteni."
"app_text_login_with_fingerprint","Belép ujjlenyomat"
"app_text_register_for_fingerprint","Regisztrálj ujjlenyomat Bejelentkezés"
"app_text_biometric_not_available","A biometrikus azonosítás nem érhető el ezen az eszközön."
"app_text_fingerprint_not_recognized","Touch ID-t nem ismeri fel az ujjlenyomat. Kérjük, próbálja meg újra a bevitt ujjlenyomatok."
"app_text_face_not_recognizes","Face ID nem ismeri fel az arcát. Kérjük, próbálja meg újra a regisztrált arc."
"app_text_fingerprint_or_face_not_enrolled","Nincsenek ujjlenyomatok / arc beiratkozott a készüléket."
"app_text_biometry_locked_out","Funkcionalitás van zárva őt, mert túl sok sikertelen próbálkozás."
"app_text_register_for_fingerpring","Regisztrálj ujjlenyomat"
"app_text_register_for_fingerprint_details","Szeretnéd regisztrálni a fiók ujjlenyomat funkcionalitást. Ha kész, akkor jelentkezzen be a fiókba nélkül e-mail azonosítóját és jelszavát, csak egyszerűen az ujjlenyomat ellenőrzést."
"app_text_register","Regisztráció"
"app_text_verify","Ellenőrizze"
"app_text_get_otp","get OTP"
"app_text_mobile_number","Mobil szám"
"app_text_mobile_number_optional","Mobil száma (opcionális)"
"app_text_error_number_verification","Mobil száma nem lehet ellenőrizni! Kérjük, próbálja meg újra a helyes OTP számot!"
"app_text_phone_number_already_exists","A telefonszám már regisztrálva van. Kérjük, próbálja meg újra egy másik telefonszámot!"
"app_text_number_verification","száma Ellenőrző"
"app_text_number_verification_description","Be kell, hogy ellenőrizze a telefonszámot. Kérjük, adja meg telefonszámát, és küldje"
"app_text_login_with_phone_number","Belépés a telefonszám"
"app_text_forget_password_description","Írja be az e-mail címet vagy telefonszámot fiókjához társított."
"app_text_enter_email_or_mobile_number","Írja mailben vagy mobil szám"
"app_text_phone_number_change_message","Egy telefonszám már regisztrálva van ezzel a fiókkal. Csak akkor változtassa meg a telefonszámot. Adjon meg egy érvényes telefonszámot."
"app_text_enter_otp","Írja OTP"
"app_text_related_products","Kapcsolódó termékek"
"app_text_view_reviews","Részletek Vélemények"
"app_text_write_reviews","Írjon véleményt"
"app_text_please_fill_all_details","Kérjük, töltse ki az összes adat"
"app_text_close","Bezárás"
"app_text_add_review","Vélemény hozzáadása"
"app_text_write_a_review","Írja meg a véleményét"
"app_text_nick","Nick"
"app_text_title","Cím"
"app_text_no_reviews","Nincs vélemény a termékről"
"app_text_number_of_reviews","Értékelések száma"
"app_text_minimum_rating","Kérjük, add minimum értékelése"
"app_text_error","Hiba"
"app_text_no_reviews","Nincs vélemény"