"Top Sliders","Топ Sliders"
"Slider","ползунок"
"Top Banners","Лучшие баннеры"
"Banner","баннер"
"Special Products","Специальные продукты"
"New Arrivals","Новые поступления"
"Best Sellers","Бестселлеры"
"Login Successful.","Авторизация успешна."
"This is a required field.","Это поле обязательно для заполнения."
"Registration Successful.","Регистрация прошла успешно."
"Cannot create user account.","Невозможно создать учетную запись пользователя."
"Email Id is required.","Id Требуется адрес электронной почты."
"Starting at","Начинается с"
"Something went wrong","Что-то пошло не так"
"Please select a category.","Пожалуйста, выберите категорию."
"Product not found.","Товар не найден."
"Product Id is required.","Идентификатор продукта требуется."
"Links","связи"
"N/A","N / A"
"No","нет"
"was added to your shopping cart.","был добавлен в корзину."
"Cannot add the item to shopping cart.","Невозможно добавить товар в корзину."
"Item has been updated in your cart successfully.","Пункт был обновлен в вашей корзине успешно."
"Quantity has not been set for this product.","Количество не установлено для данного продукта."
"Cannot update shopping cart.","Невозможно обновить корзину."
"Something went wrong.","Что-то пошло не так."
"Quantity","Количество"
"Item has been removed from your cart successfully.","Пункт был успешно удален из корзины."
"Cannot remove the item.","Не удается удалить элемент."
"Prefix","Приставка"
"First Name","Имя"
"Middle Name/Initial","Отчество / инициалы"
"Last Name","Фамилия"
"Suffix","Суффикс"
"Company","Компания"
"Address","Адрес"
"Address 2","Адрес 2"
"City","город"
"Country","Страна"
"State/Province","Штат / провинция"
"Zip/Postal Code","Zip / Почтовый индекс"
"Telephone","телефон"
"Fax","факс"
"Please select a country.","Пожалуйста, выберите страну."
"Customer is not looged in","Клиент не looged в"
"Address not selected.","Адрес не выбран."
"The customer address is not valid.","Адрес клиента не является действительным."
"Cart information loaded successfully","Корзина информация успешно загружена"
"No Shipping Method Required","Нет Доставка Обязательный метод"
"No Shipping Method Available","Нет Способ доставки В наличии"
"Shipping method was set successfully.","Метод Доставки был успешно установлен."
"An error occurred while selecting shipping method.","При выборе способа доставки произошла ошибка."
"Please login to view your addresses.","для просмотра адреса Пожалуйста, войдите на сайт."
"Address has been updated successfully.","Адрес был успешно обновлен."
"Address has been added successfully.","Адрес был успешно добавлен."
"Please login to add/update your addresses.","Пожалуйста, войдите, чтобы добавить / обновить адреса."
"An error occurred while saving billing address.","при сохранении платежного адреса произошла ошибка."
"An error occurred while saving shipping address.","при сохранении адреса доставки произошла ошибка."
"No Payment methods is enabled","Нет Способы оплаты не включен"
"No Payment methods has been configured","Нет Способы оплаты не был настроен"
"Order created successfully","Заказ успешно создан"
"Your information has been updated successfully.","Ваша информация была успешно обновлена."
"Invalid email address.","Неверный адрес электронной почты."
"If there is an account associated with your email you will receive an email with a link to reset your password.","Если есть аккаунт, связанный с вашей электронной почтой вы получите письмо со ссылкой для сброса пароля."
"Please enter your email.","Пожалуйста, введите адрес электронной почты."
"Please login to view your orders.","для просмотра заказов необходимо войти в систему."
"Orders not found.","Заказы не найдено."
"Please login to view your order details.","для просмотра деталей заказа Пожалуйста, войдите на сайт."
"Please select an order.","Пожалуйста, выберите заказ."
"Subtotal","Промежуточный итог"
"Shipping & Handling","Доставка и обработка"
"Discount","скидка"
"Tax","налог"
"Grand Total","Общая сумма"
"Order created by this cart","Заказать созданный этим корзину"
"Voucher has been applied to your cart successfully.","Ваучер был применен к вашей корзине успешно."
"Coupon code is not valid.","Код купона не действителен."
"Voucher has been removed from your cart successfully.","Ваучер был успешно удален из корзины."
"Please login to add this product to wishlist.","Пожалуйста, войдите, чтобы добавить этот товар в список желаний."
"Please select a product","Пожалуйста, выберите продукт"
"Cannot specify product.","Невозможно указать продукт."
"%1$s has been added to your wishlist.","% 1 $ s был добавлен в ваш список желаний."
"An error occurred while adding item to wishlist: %s","Произошла ошибка при добавлении элемента к списку желаний:% s"
"Requested wishlist doesn't exist","Запрошенный лист желаний не существует"
"SKU","SKU"
"Wishlist could not be created.","Список желаний не может быть создан."
"An error occurred while deleting the item from wishlist.","При удалении элемента из желаний произошла ошибка."
"Wishlist item has been successfully removed.","Добавить в корзину Товар был успешно удален."
"An error occurred while deleting the item from wishlist: %s","Произошла ошибка при удалении элемента из списка желаний:% s"
"Item has been successfully added to the cart.","Пункт был успешно добавлен в корзину."
"Incl. Tax","Включительно налог"
"Unable to post the review.","Невозможно опубликовать обзор."
"Recent Products","Последние продукты"
"From","Из"
"To","к"
"Mobile number and country code is Mandatory.","Мобильный телефон и код страны является обязательным."
"Country Code is Mandatory.","Код страны является обязательным."
"This mobile number has already been registered with an other account.","Этот мобильный номер уже зарегистрирован с другой учетной записью."
"Shipping Method is disabled.","Способ доставки отключен."
"Mobile Number is blank","Мобильный телефон является пустым"
"Mobile Number already exist","Мобильный телефон уже существует"
"Empty Mobile number.","Пустой номер мобильного телефона."
"Empty Country Code.","Пустой код страны."
"Empty Password.","Пустой пароль."
"The password has been changed successfully.","Пароль был успешно изменен."
"Password cannot be updated.","Пароль не может быть обновлен."
"An account using this email address does not exists.","Счет использования этого адреса электронной почты не существует."
"The account has been mapped for the fingerprint login in this device.","Счет был сопоставлен для входа по отпечаткам в этом устройстве."
"The account can not be mapped for the fingerprint login in this device.","Счет не может быть отображен для входа по отпечаткам в этом устройстве."
"Customer data is not available.","Данные клиента не доступны."
"Your account isn\'t available at this time.","Ваша учетная запись ISN \ 'т доступны в данный момент."
"This Unique Id is not linked with the Email id.","Этот уникальный идентификатор не связан с идентификатором электронной почты."
"This Mobile number is not linked with any account.","Это Мобильный телефон не связан с какой-либо учетной записью."
"Mobile Number or country code is not available.","Номер мобильного или код страны не доступен."
"Mobile number exists into the database..","Мобильный телефон существует в базе данных .."
"Mobile number does not exists into the database..","Мобильный телефон не существует в базе данных .."
"Not Mentioned","Не упомянуто"
"Marektplace Module is not enabled","Marektplace модуль не включен"
"Seller id is missing","Идентификатор продавца отсутствует"
"Seller not found","Продавец не найден"
"Please login to write review.","Пожалуйста, войдите, чтобы написать отзыв."
"Not able to submit your review. Title or comment is missing.","Не в состоянии представить свой отзыв. Название или комментарий отсутствует."
"Not able to submit your review. Posting review for this seller is not allowed.","Не в состоянии представить свой отзыв. Обзор проводок для этого продавца не допускается."
"Thanks! for rating the Seller.","Благодаря! для рейтинга Продавца."
"All","Все"
"Name","имя"
"A-Z","A-Z"
"Z-A","Z-А"
"Price","Цена"
"Low to High","Снизу вверх"
"High to Low","От высокого к низкому"
"Ascending","Восходящий"
"Descending","По убыванию"
"All Products","Все продукты"
"Customer already registered.","Клиент уже зарегистрирован."
"An error occurred .","Произошла ошибка ."
"Success.","Успех."
"Last order was not completed.","Последний заказ не был завершен."
"Can't apply voucher code on this cart.","Невозможно применить код ваучера на этой тележке."
"An error occurred while adding item to wishlist: %1","Произошла ошибка при добавлении элемента к списку желаний:% 1"
"Your review has been accepted for moderation.","Ваш отзыв был принят на модерацию."
"Review by %1","Обзор% 1"
"(Posted on %1)","(Опубликовано% 1)"
"--Select Category--","--Выберите категорию--"
"Order Successfully Created","Заказ успешно создан"
"Hi Thanks for your interest. Keep shopping with us to become our premium customer.","Привет, Спасибо за ваш интерес. Продолжайте ходить по магазинам с нами, чтобы стать нашим клиентом премии."
"Order status update","Обновление статуса заказа"
"Hi Your order status has been changed to {{STATUS}}.","Привет Ваш статус заказа был изменен на {{STATUS}}."
"Hurry!","Торопиться!"
"Hi","Заполните ваш заказ, чтобы получить дополнительные преимущества на вашем следующем заказе."
"Best Seller Products","Бестселлеры"
"Featured Products","Рекомендуемые товары"
"New Products","новые продукты"
"From a category","Из категории"
"Custom Products","Пользовательские продукты"
"Mobile App Builder","Мобильный App Builder"
"Settings saved successfully.","Настройки успешно сохранены."
"Firebase Server key is not available","Firebase ключ сервера не доступен"
"Notificaton Send successfully","Notificaton Отправить успешно"
"Data saved successfully.","Данные успешно сохранены."
"Component deleted successfully.","Компонент успешно удален."
"Banner data deleted successfully.","Данные банер успешно удалены."
"Layout deleted successfully.","Компоновка успешно удалена."
"Data has been saved successfully.","Данные были успешно сохранены."
"Settings saved successfully","Настройки успешно сохранены"
"Edit Layout","Изменить макет"
"Knowband Mobile App Builder is not enabled on this store.","Knowband Mobile App Builder не включен в этом магазине."
"Requested API not available","Запрашиваемые API не доступен"
"Requested Api method not available","Запрошенный метод Api не доступен"
"Save Settings","Сохранить настройки"
"Edit","редактировать"
"Edit Name","Редактировать название"
"Delete","удалять"
"View Details","Посмотреть детали"
"Layout ID","Макет ID"
"Layout Name","Компоновка Имя"
"Action","действие"
"Home Page Layout Settings","Главная страница Настройка макета"
"Title","заглавие"
"URL","URL"
"Upload","Загрузить"
"Image Type","Тип изображения"
"Home","Главная"
"Category","категория"
"Product","Продукт"
"Redirect Activity","Перенаправление активность"
"Disable","Отключить"
"Enable","включить"
"Status","Положение дел"
"Banners Settings","Настройки Баннеры"
"ID","Я БЫ"
"Device Type","Тип устройства"
"Both Android/iOS","Как Android / IOS"
"Android","Android"
"iOS","IOS"
"Sent Date","Отправлено Дата"
"Push Notification History","Push уведомление История"
"Return Statuses","Возврат Статусы"
"Coupon Code","код купона"
"Customer Email","Клиент электронной почты"
"Device","устройство"
"Coupon Used","Купон Б"
"Yes","да"
"Coupon Generated On","Купон генерируется на"
"Menu Settings","Настройки меню"
"Push Notification Settings","Настройки Push Notification"
"Slider Settings","Настройки Slider"
"Google Login Settings","Вход Настройки Google"
"Facebook Login Settings","Вход Настройки Facebook"
"General Settings","общие настройки"
"New Arrival","Новое поступление"
"Best Seller","Бестселлер"
"Statistics","Статистика"
"Category Icon Settings","Категория Icon Settings"
"Code","Код"
"Payment Method Settings","КОМПЕНСАЦИЯ Метод настройки"
"Image","Образ"
"Upto Time","Upto Время"
"Background Color","Фоновый цвет"
"Text Color","Цвет текста"
"Redirect","Перенаправление"
"Category ID","Категория ID"
"Product ID","идантификационный номер продукта"
"Product Name","наименование товара"
"Sort Order","Порядок сортировки"
"Layout Settings","Параметры макета"
"Back","назад"
"Session has expired. Please try again after Re-login.","Сессия истекла. Пожалуйста, попробуйте еще раз после повторного входа в систему."
"Sorry","никаких кавычек не доступны для этого заказа на данный момент."
"Place Order","Разместить заказ"
"Heading of this Component","Заголовок этого компонента"
"Field cannot be empty.","Поле не может быть пустым."
"Select Product Type","Выберите тип продукта"
"Select Category","выберите категорию"
"Select Products from Category","Выбрать товары из категории"
"Select Products","Выберите продукты"
"Number of products","Количество продуктов"
"Image Content Mode","Режим изображения Содержание"
"Scale aspect fill","Шкала заполнения аспект"
"Scale aspect Fit","Масштаб аспект, пригодный"
"Please select category.","Пожалуйста, выберите категорию."
"Please select product.","Пожалуйста, выберите продукт."
"Please select image type","Пожалуйста, выберите тип изображения"
"Please provide image url","Укажите URL изображения"
"Please select category","Пожалуйста, выберите категорию"
"Please select product","Пожалуйста, выберите продукт"
"Only Positive integer is allowed.","Только положительное целое допускается."
"Please select an option from dropdown.","Пожалуйста, выберите вариант из выпадающего списка."
"You can enter only numbers.","Можно ввести только цифры."
"Number should be greater than 0.","Количество должно быть больше 0."
"Field cannot be greater than {#} characters.","Поле не может быть больше, чем {#} символов."
"Field cannot be less than {#} character(s).","Поле не может быть меньше, чем {#} символ (ы)."
"Please enter Email.","Пожалуйста, введите e-mail."
"Please enter a valid Email.","Введите, пожалуйста, действительный адрес электронной почты."
"Invalid date format.","Неверный формат даты."
"Number is not in the valid range. It should be between {1} and {100}","Номер не в допустимом диапазоне. Оно должно быть между {1} ​​и {100}"
"Field should be numeric.","Поле должно быть числовым."
"Field can have only upto two decimal values.","Поле может иметь только ДО двух десятичных значений."
"Email cannot be greater than {#} characters.","Email не может быть больше, чем {#} символов."
"Zip should not have special characters.","Zip не должен иметь специальные символы."
"Percentage should be in number.","Процент должен быть числом."
"Percentage should be between 0 and 100.","Процент должен быть в пределах от 0 до 100."
"Size cannot be greater than {#} characters.","Размер не может быть больше, чем {#} символов."
"Color could not be greater than {#} characters.","Цвет не может быть больше, чем {#} символов."
"Color is not valid.","Цвет не является действительным."
"Special characters are not allowed.","Спецсимволы не допустимы."
"Script tags are not allowed.","теги сценария не допускаются."
"Style tags are not allowed.","Стиль-теги не допускаются."
"Iframe tags are not allowed.","Iframe-теги не допускаются."
"Uploaded file is not an image.","Загруженный файл не является изображением."
"Uploaded file size must be less than #.","Загруженный размер файла должен быть меньше #."
"Field should not contain HTML tags.","Поле не должно содержать HTML-тегов."
"You can enter only positive numbers.","Вы можете ввести только положительные числа."
"Select Image Type","Выберите тип изображения"
"Select an option","Выберите опцию"
"Image Url","URL изображения"
"Enter URL","Введите URL"
"Image Upload","изображение Загрузить"
"Select Redirect Activity","Выберите Перенаправление активность"
"CMS","CMS"
"Login","Авторизоваться"
"Search","Поиск"
"Select Product","Выбор продукта"
"Banner Width","Ширина баннера"
"Banner Height","Высота баннера"
"Margin Top","маржа Вверх"
"Margin Bottom","Margin Bottom"
"Margin Left","Поле слева"
"Margin Right","маржа Право"
"Countdown Time Validity","Обратный отсчет времени действия"
"Enable Time Background Color","Enable Time Цвет фона"
"Time Background Color","Время Цвет фона"
"Timer Text Color","Таймер Цвет текста"
"Select Date","Выбор даты"
"Save","Сохранить"
"This field cannot be empty","Это поле не может быть пустым"
"Select 1st Category","Выберите 1-й категории"
"Upload Image","Загрузить изображение"
"Remove image","Удалить изображение"
"Select 2nd Category","Выберите 2-й категории"
"Select 3rd Category","Выберите 3-й категории"
"Select 4th Category","Выберите 4-ой категории"
"Select 5th Category","Выберите 5-ой категории"
"Select 6th Category","Выбор категории 6"
"Select 7th Category","Выберите категорию 7th"
"Select 8th Category","Выберите категорию 8th"
"Are your sure?","Ты уверен?"
"Are you sure?","Вы уверены?"
"Edit Component","Редактировать компонент"
"Close","Закрыть"
"Need to add value in atleast 4 categories","Нужно добавить значение в по крайней мере 4 категории"
"Component added successfully","Компонент успешно добавлен"
"You can add only 20 components in a layout","Вы можете добавить только 20 компонентов в макете"
"Top Categories","Лучшие категории"
"Banner-Square","Баннер-квадрат"
"Banner-Custom","Баннер-заказ"
"Banner-Horizontal Sliding","Баннер-Горизонтальные раздвижные"
"Banner-Grid","Баннер-Grid"
"Banner-With Countdown timer","Таймер Banner-С Countdown"
"Products-Square","Продукты-Square"
"Products-Horizontal Sliding","Продукты-Горизонтальные раздвижные"
"Products-Grid","Продукты-Grid"
"Edit Heading","Редактировать Heading"
"Category1","Категория1"
"Category2","Категория2"
"Category3","Category3"
"Category4","category4"
"Horizontal Banner","Горизонтальный баннер"
"Banner-Grid 1","Баннер-Grid 1"
"Banner-Grid 2","Баннер-Grid 2"
"Banner-Grid 3","Баннер-Grid 3"
"Banner-Grid 4","Баннер-Grid 4"
"Countdown Banner","Обратный отсчет Баннер"
"Hours","Час"
"Minutes","минут"
"Seconds","второй"
"Horizontal Products","Горизонтальные продукты"
"Product Grid","Сетка продукта"
"Payment Mode","Режим оплаты"
"Sandbox","Sandbo"
"Live","Liv"
"Client Id","ID клиента"
"Please select atleast one country","Пожалуйста, выберите по крайней мере в одной стране"
"Please enter a valid color code","Пожалуйста, введите код цвета"
"Date & Time should be greater than current date time.","Дата и время должна быть больше, чем текущее время даты."
"Field cannot be empty","Поле не может быть пустым"
"Total Coupons Generated","Всего купоны Сформированы"
"Total Coupons Unused","Всего купоны Неиспользованный"
"Total Coupons Used","Всего купоны Подержанные"
"`Active Date` cannot be greater than `Expire Date`","`Активный date` не может быть больше, чем` Expire date`"
"`From` Date cannot be greater than `To` Date","`От` Дата не может быть больше, чем` в` Дата"
"The sum of Gravity is not in the valid range. It should be betwen 1 and 100. The total is:","Сумма тяжести не находится в допустимом диапазоне. Это должно быть betwen 1 и 100. Всего:"
"No list exists for this API key.","Список не существует для этого ключа API."
"No. of times","Кол-во раз"
"Date","Свидание"
"Please upload an image file.","Пожалуйста, загрузите файл изображения."
"To percentage should be greater than From percentage.","Для того, чтобы процент должна быть больше, чем от процента."
"Value must be greater than 0","Значение должно быть больше 0"
"Allowed extension is","Допускается расширение"
"Please provide correct format. Maximum allowed file size is","Пожалуйста, укажите правильный формат. Максимально допустимый размер файла"
"Validated successfully","Утвержденные успешно"
"Invalid Api Key","Invalid Api Key"
"Message","Сообщение"
"Select Brodcast Device Type","Выберите Brodcast Тип устройства"
"Remove Image","Удалить изображение"
"Only .png or .jpg file format accepted. File size should not be more than 2 MB.","Только .png или .jpg формат файла принят. Размер файла не должен быть больше 2 Мб."
"--Select Product--","--Выберите продукт--"
"Enable/Disable","Включить выключить"
"Facebook App Id","Facebook App Id"
"Validate App Id","Подтвердить Идентификатор приложения"
"Enable the Extension","Включить расширение"
"This setting will enable/disable entire mobile app functionality.","Этот параметр включает / отключает всю функциональность мобильных приложений."
"Redirect on Cart Page when Add To Cart","Перенаправление на странице корзины, когда Добавить в корзину"
"This setting will redirect to cart page or keep on the product page when add to cart is clicked.","Эта установка будет перенаправлять на страницу корзины или оставить на странице продукта, когда добавить в корзину щелкают."
"Display Short Description","Дисплей Краткое описание"
"Enable Request Log Reporting","Включить запрос журнала отчетов"
"This setting will enable/disable error log reporting for every request to Web Services of the module.","Этот параметр включает / отключает отчеты журнала ошибок для каждого запроса к веб-службам модуля."
"Show App Preview","Показать App Preview"
"This setting will show/hide the app preview.","Эта установка будет показать / скрыть приложение предварительного просмотра."
"Enable Tab Bar","Включить панель вкладок"
"This setting will enable/disable the tab bar in the app.","Этот параметр включает / выключает панель вкладок в приложении."
"Show Spin and Win","Показать спина и Win"
"Show spin and win popup on the mobile App.","Показать спин и выиграть всплывающее окно на мобильном App."
"Enable/Disable Fingerprint Login","Включение / выключение отпечатки Входа"
"This setting will enable/disable Fingerprint login in Mobile App.","Эта установка будет включить / отключить логин отпечатков пальцев в Mobile App."
"Enable/Disable Phone Number Registration","Включение / отключение номера телефона Регистрация"
"This setting will enable/disable customer registration and login via phone number verification.","Эта установка позволит включить / отключить регистрацию клиентов и Войти с помощью номера телефона проверки."
"Mandatory Phone number at registration","Обязательный номер телефона при регистрации"
"This setting will set the Phone number field as optional or required.","Этот параметр устанавливает поле номера телефона в качестве дополнительного или требуется."
"Select layout for home page","Выберите макет для главной страницы"
"Please select","Пожалуйста выберите"
"Disabled Shippping Sethods","Инвалидов Shippping Sethods"
"Select shipping methods from the list for which you want to disable this module.You can leave it to empty if you want to enable this module for all shipping methods.","Выберите методы из списка, для которого вы хотите отключить эту module.You может оставить его, чтобы освободить перевозку груза, если вы хотите, чтобы включить этот модуль для всех способов доставки."
"Select shipping methods","Выбор способов доставки"
"Enable Whatsapp Chat Support","Включение WhatsApp чат поддержки"
"This setting will enable/disable WHATSAPP chat support option in mobile app.","Этот параметр будет включить / отключить опцию поддержки WhatsApp чат в мобильном приложении."
"Chat Number","Чат Номер"
"Enter Chat number with Country code as well.","Введите чат номер с кодом страны, а также."
"Enable Live Chat Support","Включить Live Chat Support"
"This setting will enable/disable live chat support option in mobile app.","Этот параметр будет включить / отключить опцию поддержки чата в мобильном приложении."
"Chat API Key","Чат API Key"
"Enter API Key for Live chat","Введите ключ API для чата"
"Enable Url Encoding Of Image Links","Включить Url кодирование изображения Ссылки"
"This setting will enable/disable Url encoding of all image links.","Этот параметр будет включить / отключить Url кодирование всех ссылок изображения."
"Look And Feel","Смотри и чувствуй"
"Enable Logo","Включить логотип"
"Upload logo","Загрузить логотип"
"Remove logo","Удалить логотип"
"App Button Color","App Button Color"
"Select button color of the app.","Выберите цвет кнопки приложения."
"App Button Text Color","App Кнопка Цвет текста"
"Select button text color of the app.","Выберите цвет кнопки текст приложения."
"App Theme Color","App Theme Color"
"Select theme color of the app.","Выберите цвет темы приложения."
"App Background Color","App Цвет фона"
"Select background color of the app.","Выберите цвет фона приложения."
"Custom CSS","Пользовательские CSS"
"Add custom CSS code that you want to be executed on the app","Добавить пользовательский код CSS, который вы хотите выполнить на приложение"
"Edit Payment Method Settings","Изменение оплаты Параметры метода"
"Something went wrong. Please try again.","Что-то пошло не так. Пожалуйста, попробуйте еще раз."
"Edit Settings","Изменить настройки"
"Upload Google JSON file","Загрузить Google JSON файл"
"Only .json file format accepted. File size should not be more than 1 MB.","Только принял .json формат файла. Размер файла не должен быть более 1 MB."
"Uploaded App Id","Загруженное Идентификатор приложения"
"Uploaded Api Key","Загруженное Api Key"
"Send New Push Notification","Отправить новый Push Notification"
"Send","послать"
"Cancel","отменить"
"View Push Notification","Просмотр Push уведомление"
"Send New Notification","Отправить новое уведомление"
"Contact Us Page","Обратная связь Страница"
"Enable/Disable Contact Us Page","Включение / отключение Контакты Страница"
"Select Contact Us Page","Выберите Контакты Страница"
"Select Product Carousel Type","Выбор продукта Carousel Тип"
"Menu 1","Меню 1"
"Enable/Disable Menu","Включение / выключение меню"
"Menu Title","Меню Название"
"Enter Tiltle for Menu","Введите Tiltle для меню"
"Select Page","Выбрать страницу"
"Menu 2","Меню 2"
"Menu 3","Меню 3"
"Menu 4","Меню 4"
"Category Icon","Категория Иконка"
"Select category to add icon","Выберите категорию, чтобы добавить значок"
"Select category to add/edit icon.","Выберите категорию для добавления / редактирования значка."
"Category icon saved successfully.","Значок Категория успешно сохранен."
"Something went wrong","обновите страницу."
"Invalid File Format","Пожалуйста, выберите только рекомендованные типы .."
"File size must be less than 1MB","Размер файла не должен превышать 1 МБ"
"Invalid File.","Неверный файл."
"Add New Layout","Добавить Layout"
"Firebase Server Setting","Настройка сервера Firebase"
"Server Key","Сервер ключа"
"Enter firebase server key","Введите firebase ключ сервера"
"New Order Settings","Параметры нового заказа"
"Enable/Disable new order push notification","Включение / отключение нового порядка толчок уведомление"
"Title for new order push notification","Название для нового заказа толчок уведомления"
"Message for new order push notification","Сообщение для нового заказа толчок уведомления"
"Order Status Change Settings","Статус заказа Изменить настройки"
"Enable/Disable order status change push notification","Включение / выключение статуса заказа изменения толчок уведомления"
"Title for order status change push notification","Заголовок статус заказа изменения нажимного уведомление"
"Message for order status change push notification","Сообщение для статуса заказа изменения нажимного уведомления"
"Abandoned Cart Settings","Оставленная Корзина Настройка"
"Enable/Disable abandoned cart push notification","Включение / отключение заброшено корзина толчок уведомление"
"Title for abandoned cart push notification","Заголовок заброшенной корзины нажимного уведомления"
"Message for abandoned cart push notification","Сообщение для заброшенной телеги нажимного уведомления"
"Time Interval","Интервал времени"
"Time interval to check Abandoned cart(In Hours)","Временный интервал, чтобы проверить Заброшенную корзинку (в часах)"
"Cron Instructions","Cron Инструкции"
"Add the cron to your store via control panel/putty to send Abandoned cart push notifications according to your settings above. Find below","Инструкция для добавления хрон., добавьте хроны в магазин с помощью контрольной панели / замазок для отправки уведомлений Заброшенных корзины нажимных в соответствии с вашими настройками выше. Найти ниже инструкции, чтобы добавить хрон."
"URL to Add Cron via Control Panel","URL для добавления Cron через панель управления"
"Cron setup via SSH","Настройка Крон с помощью SSH"
"Preview","предварительный просмотр"
"Paypal Mobile","Paypal Mobile"
"COD Mobile","COD Mobile"
"Invalid File Format.","Неверный формат файла."
"File should be less than 2 Mb.","Файл должен быть не менее 2 Мб."
"Please Upload the Image.","Пожалуйста, загрузите изображение."
"Please Upload Image For Category.","Пожалуйста Загрузить изображение для категории."
"app_text_category_products","категория"
"app_text_no_internet","Интернет Проблема"
"app_text_product_image_viewer","Продукт Image Viewer"
"app_text_payment_methods","Способы оплаты"
"app_text_seller_comments","Продавец Комментарий (ы)"
"app_text_home","Главная"
"app_text_category","категории"
"app_text_login","Авторизоваться"
"app_text_logout","Выйти"
"app_text_login_signup","Войти Зарегистрироваться"
"app_text_account","Мой счет"
"app_text_contact","Связаться с нами"
"app_text_about","О нас"
"app_text_add_to_wishlist","Добавить в список желаний"
"app_text_add_to_cart","добавить в корзину"
"app_text_off","от"
"app_text_all","Все"
"app_text_languages","Язык (ы)"
"app_text_sort","Сортировать"
"app_text_filter","Фильтр"
"app_text_sort_order","Выберите сортировку"
"app_text_price_asce","Цена: от низкого до высокого"
"app_text_price_desc","Цена: от высокой к низкой"
"app_text_product","Продукт"
"app_text_select","Выбрать"
"app_text_instock","В наличии"
"app_text_outstock","Нет на складе"
"app_text_product_info","Информация о продукте и уход"
"app_text_customization","Настройка продукта"
"app_text_accessories","аксессуары"
"app_text_view_less","Просмотр Меньше"
"app_text_view_more","Просмотреть больше"
"app_text_provide_details","Просьба представить подробную информацию"
"app_text_discount_price","Цена со скидкой"
"app_text_discount_percentage","Скидка в процентах"
"app_text_rating","Рейтинг *"
"app_text_bag","Сумка для покупок"
"app_text_apply_voucher","Применить Ваучер"
"app_text_entry_voucher_code","Введите код ваучера"
"app_text_apply","Применять"
"app_text_gift","Подарочная упаковка"
"app_text_entry_message","Введите сообщение"
"app_text_available_first","Отправить доступные продукты первой"
"app_text_continue_shopping","Продолжить покупки"
"app_text_continue_checkout","Продолжить Оформить заказ"
"app_text_update_quantity","Обновление Количество"
"app_text_enter_quantity","Введите количество"
"app_text_empty_cart","Ваша перевозка груза корзина пуста!"
"app_text_goto_home","Перейдите на домашнюю страницу"
"app_text_review_your_order","Просмотрите заказ"
"app_text_add_new_shipping_address","Добавить новый адрес"
"app_text_history","Отгрузочные реквизиты"
"app_text_billing_details","Платежные реквизиты"
"app_text_same_as_shipping_details","То же, что Адрес доставки"
"app_text_summary","итог заказа"
"app_text_shipping_methods","Методы доставки"
"app_text_comment","Комментарий к заказу"
"app_text_payment_summary","Оплата Резюме"
"app_text_proceed","Перейти к оплате"
"app_text_make_payment","Совершать платеж"
"app_text_congratulations","Поздравляю"
"app_text_shipping_addresses","Доставка Адрес (ы)"
"app_text_billing_addresses","Billing Address (ы)"
"app_text_addresses","Адрес (ы)"
"app_text_order_detail","Order Detail"
"app_text_update_personal","Обновление Личные данные"
"app_text_update_password","Обновление пароля"
"app_text_current_password","текущий пароль"
"app_text_new_password","Новый пароль"
"app_text_confirm_password","Подтвердите Пароль"
"app_text_cancel","отменить"
"app_text_save","Сохранить"
"app_text_order_ref","Код заказа"
"app_text_status","Положение дел"
"app_text_placed","Размещены на"
"app_text_reorder","Изменение порядка"
"app_text_order_details","Информация для заказа"
"app_text_status_history","История Статус"
"app_text_shipping_address","Адрес доставки"
"app_text_billing_address","Платежный адрес"
"app_text_order_summary","итог заказа"
"app_text_shipping_method","способ доставки"
"app_text_payment_method","Способ оплаты"
"app_text_gift_wrapping","Подарочная упаковка"
"app_text_no_shipping_address","Нет адрес доставки доступны!"
"app_text_no_order_details","Детали доступны Никакой заказ!"
"app_text_signup","Подписаться"
"app_text_continue_guest","Продолжить как гость"
"app_text_email","Эл. адрес"
"app_text_password","пароль"
"app_text_forgot_password","Забыли пароль"
"app_text_login_social_account","Вы можете войти в систему с социальной учетной записи."
"app_text_login_with_google","Вход с Google+"
"app_text_login_with_facebook","Войти с Facebook"
"app_text_signup_with_google","Регистрация в Google+"
"app_text_signup_with_facebook","Регистрация с Facebook"
"app_text_msg_enter_valid_email","Пожалуйста, введите действительный адрес электронной почты!"
"app_text_msg_enter_email","Пожалуйста, введите адрес электронной почты!"
"app_text_msg_enter_password","Пожалуйста введите пароль!"
"app_text_msg_password_characters_less_than_3","Пожалуйста, введите пароль, имеющие символы более или равным 3!"
"app_text_msg_first_name","Имя"
"app_text_msg_last_name","Фамилия"
"app_text_msg_dob","Дата рождения"
"app_text_msg_confirm_password","Подтвердите Пароль"
"app_text_msg_personal_details","Персональные данные"
"app_text_msg_pass_not_matched","Пароль и подтверждение пароля не соответствует!"
"app_text_sold_by","Продан:"
"app_text_write_review","Написать отзыв"
"app_text_view_review","Просмотреть обзор (ы)"
"app_text_view_seller_products","Посмотреть продавец Продукт (ы)"
"app_text_wait","пожалуйста, подождите"
"app_text_loading","Загрузка данных..."
"app_text_msg_went_wrong","Что-то пошло не так. Пожалуйста, попробуйте еще раз."
"app_text_msg_no_internet_found","Нет подключения к Интернету не найдено."
"app_text_msg_no_internet_title","Нет интернета"
"app_text_msg_request","Запрос не может быть процессом. Это может быть из-за низкой скорости подключения к Интернету."
"app_text_msg_order_placed_email","Ваш заказ был успешно размещен. Вы получите по электронной почте в отношении того же."
"app_text_msg_product_look","Вы можете посмотреть на продукт (ы) с помощью своей категории."
"app_text_msg_search_product","Вы можете найти любой товар в магазине с помощью текста или голоса!"
"app_text_msg_view_cart","Вы можете просмотреть корзину с количеством!"
"app_text_msg_logout","Вы выход из системы успешно!"
"app_text_msg_view_product","Вы можете посмотреть продукт в списке или в режиме сетки!"
"app_text_msg_sort_product","Вы можете сортировать товар по цене!"
"app_text_msg_filter_product","Вы можете выбирать продукт (ы) в соответствии с вашими потребностями!"
"app_text_text_next","следующий"
"app_text_text_okay","Хорошо"
"app_text_required","необходимые"
"app_text_msg_rating","Выберите рейтинг"
"app_text_msg_add_cart","Вы можете добавить товар в корзину, просто нажав на кнопку \ «Добавить в корзину \»!"
"app_text_msg_add_wishlist","Вы можете добавить товар в список желаний, просто нажав на кнопку \ «Добавить в лист пожеланий \»!"
"app_text_msg_product_price","Цена продукта был обновлен!"
"app_text_msg_product_not_available","Этот продукт не доступен для заказа!"
"app_text_msg_combination","Эта комбинация не существует для этого продукта. Пожалуйста, выберите другую комбинацию."
"app_text_msg_product_no_stock","Этот продукт не доступен в необходимом количестве или нет в наличии!"
"app_text_msg_out_stock","Некоторые из этих продуктов в корзине не доступны в нужном количестве или нет на складе. Пожалуйста, удалите такой продукт (ы) из корзины!"
"app_text_msg_checkout_products","Вы можете оформить товары в корзине, просто нажав на кнопку \ «Продолжить Checkout \»."
"app_text_msg_apply_voucher","Вы можете использовать ваучер в корзину!"
"app_text_msg_update_quantity","Вы можете обновить количество продукта или удалить его из корзины!"
"app_text_msg_view_details","Вы можете просмотреть сведения о продукте, нажав на изображение продукта!"
"app_text_msg_success","Успех!"
"app_text_msg_failure","Провал!"
"app_text_msg_enter_quantity","Пожалуйста, введите количество"
"app_text_quantity","Количество"
"app_text_remove","удалять"
"app_text_customization_details","подробности по настройке"
"app_text_msg_add_address","Вы можете добавить новый адрес доставки, нажав на кнопку!"
"app_text_msg_update_address","Вы можете обновить адрес доставки!"
"app_text_msg_select_address","Вы можете выбрать любой адрес доставки, просто нажав на него!"
"app_text_select_address_text","* Пожалуйста, выберите адрес доставки, чтобы просмотреть свой заказ."
"app_text_msg_no_product","Нет товаров в продаже!"
"app_text_msg_no_comment_available","Нет комментариев (ы) доступны!"
"app_text_msg_reset_password","Вы можете восстановить свой пароль, нажав `Забудь Password`"
"app_text_msg_login","Вы можете войти в магазин отсюда!"
"app_text_msg_login_fb","Вы также можете войти в магазин с вашего счета Facebook!"
"app_text_msg_login_google","Вы также можете войти в магазин из своего аккаунта Google!"
"app_text_msg_update_profile","«Вы можете обновить свои данные в профиле"
"app_text_product_info_and_care","Информация о продукте и уход"
"app_text_download","Скачать"
"app_text_minimal_quantity","Минимальное количество"
"app_text_seller_details","Информация о продавце"
"app_text_pack_content","Упаковка Содержание"
"app_text_submit","Разместить"
"app_text_msg_forget_password","Введите адрес электронной почты, связанный с вашей учетной записью. Нажмите, чтобы отправить ваш пароль по электронной почте."
"app_text_enter_your_email","Введите адрес электронной почты"
"app_text_reset_password","Сброс пароля"
"app_text_view_selected_filter","Вы можете просмотреть выбранный результат фильтрации, нажав на это изображение!"
"app_text_clear_selected_filter","Вы можете очистить прикладной фильтр, нажав на этом изображении!"
"app_text_no_filter","Нет фильтров"
"app_text_phone_number_required","* Вы должны зарегистрировать хотя бы один номер телефона"
"app_text_refresh","обновление"
"app_text_internet_connection_failed","Подключение к Интернету Ошибка!"
"app_text_internet_connection_problem","Там могут быть некоторые проблемы с подключением к Интернету. Пожалуйста, проверьте."
"app_text_cancel_transaction","Отмена сделки"
"app_text_middle_of_payment","Вы находитесь в середине вашего процесса сделки оплаты. Вы действительно хотите отменить сделку?"
"app_text_yes","да"
"app_text_no","нет"
"app_text_enter_your_comment","Введите свой комментарий"
"app_text_msg_shipping_methods_unavailable","«Для некоторого продукта (ы)"
"app_text_msg_select_shipping_methods","Пожалуйста, выберите способ доставки"
"app_text_share_log","Доля Войти"
"app_text_error_minimum_value","Введите значение, превышающее 0"
"app_text_payment_failed_contact_support","Ваш заказ не может быть обработан. Поддержка Пожалуйста контакт для любых запросов"
"app_text_currency","Валюта (ы)"
"app_text_choose_payment_method","Выберите способ оплаты"
"app_text_no_payment_method","Нет Способ оплаты (ы) не найдено!"
"app_text_no_payment_currently","Там нет способа оплаты в настоящее время."
"app_text_no_make_payment","Вы выиграли \ 'т иметь возможность произвести оплату как это мобильное приложение является установка для демонстрационной цели."
"app_text_make_payment_after_select","Вы можете произвести оплату после выбора способа оплаты!"
"app_text_title_paypal_payment","PayPal оплаты"
"app_text_order_total_price","Общая сумма заказа Цена"
"app_text_user_cancelled_the_payment","Пользователь отменил платеж"
"app_text_invalid_payment_try_again","Invalid платеж. Пожалуйста, попробуйте еще раз"
"app_text_text_skip","Пропускать"
"app_text_wishlist_item_removed","Элемент удален из списка желаний."
"app_text_wishlist_item_added","Пункт добавлен в лист пожеланий"
"app_text_subject","Эй Проверьте это!"
"app_text_text_extra_share","Доступно здесь :"
"app_text_share_intent_title","Поделиться"
"app_text_error_product_name_url","Название продукта или URL может быть пустым."
"app_text_tag_error","ошибка"
"app_text_demo_app_user_form","Пожалуйста, заполните детали!"
"app_text_full_name_demo_app_user","Ваше имя*"
"app_text_email_demo_app_user","Эл. адрес*"
"app_text_store_url_demo_app_user","Магазин Url *"
"app_text_continue_demo_app_user_form","Продолжить"
"app_text_invalid_url","Неверный URL-магазин!"
"app_text_invalid_email","Неверный адрес электронной почты!"
"app_text_sellers","Продавцы"
"app_text_seller","продавец"
"app_text_seller_shipping_policy","Доставка"
"app_text_seller_return_policy","Политика возврата"
"app_text_review_title","Заглавие *"
"app_text_review_comment","Комментарий *"
"app_text_review_rating","Рейтинг *"
"app_text_filter_products","Фильтр Продукт (ы)"
"app_text_select_category","выберите категорию"
"app_text_select_sort","Выберите Сортировка"
"app_text_clear","Очистить"
"app_text_edit","редактировать"
"app_text_cart","телега"
"app_text_move_to_cart","Переместить в корзину"
"app_text_no_shipping_method_available","Нет Способ доставки В наличии"
"app_text_module_not_installed","Пожалуйста, обратитесь к администратору сайта, чтобы просмотреть данные на этой странице."
"app_text_no_data_found","Данные не найдены!"
"app_text_enter_coupon_code","Введите код купона"
"app_text_apply_coupon","Применить купон"
"app_text_add_more_in_cart","Добавить еще в корзину, чтобы разместить заказ"
"app_text_shipping_details","Отгрузочные реквизиты"
"app_text_choose_app_theme","Выбор приложения Theme"
"app_text_enter_store_url","Введите свой магазин URL"
"app_text_sample_store_url","Пример: http://your_store.com/"
"app_text_downloads","Загрузки"
"app_text_done","Готово"
"app_text_posted_on","Опубликовано:"
"app_text_commented_by","Ответил:"
"app_text_seller_comment","Комментарий:"
"app_text_open","открыто"
"app_text_order_status","открыто"
"app_text_special_products","Специальные продукты"
"app_text_product_information","информация о продукте"
"app_text_featured_products","Тематические продукты"
"app_text_requested_gift_order","Вы запросили подарочную упаковку для этого заказа"
"app_text_step_one_of_three","шаг 1/3"
"app_text_review_checkout","Обзор Checkout"
"app_text_your_wishlist_is_empty","Ваш список желаний пуст!"
"app_text_no_shipping_method","Нет Способ доставки В наличии"
"app_text_no_order_found","Нет заказ не найден!"
"app_text_percent_off","% от"
"app_text_coupon_length_validation","Купон код символов должно быть больше или равно 4."
"app_text_coupon_code_removed","Купон скидка была успешно удалена!"
"app_text_facebook_login_cancelled","Facebook Войти был отменен."
"app_text_facebook_login_failure","Facebook Войти Failure:"
"app_text_login_failed","Ошибка входа!"
"app_text_wrong_url_install_mab","Возможно, вы ввели неверный адрес или вы не установите наш мобильный модуль строитель App."
"app_text_install_module","Установка модуля"
"app_text_text_loading","загрузка"
"app_text_text_exception","Исключение:"
"app_text_msg_reset_password_click","Вы можете восстановить свой пароль, нажав \ «Forget Пароль \»!"
"app_text_login_from_here","Вы можете войти в магазин отсюда!"
"app_text_login_from_facebook_account","Вы также можете войти в магазин с вашего счета Facebook!"
"app_text_login_from_google_account","Вы также можете войти в магазин из своего аккаунта Google!"
"app_text_text_warning","Предупреждение!"
"app_text_update_address_if_exists","Вы можете обновить адрес доставки или выбрать любой другой адрес, если существует!"
"app_text_continue_to_checkout_click_msg","Вы можете оформить товары в корзине, просто нажав на кнопку \ «Продолжить Checkout \»!"
"app_text_please_enter_store_url","Пожалуйста, введите URL-адрес магазина"
"app_text_product_not_desired_quantity","Некоторые из этих продуктов в корзине не доступны в нужном количестве или нет на складе. Пожалуйста, удалите такой продукт (ы) из корзины!"
"app_text_select_shipping_methods","Выберите метод доставки (s)"
"app_text_send_email","Отправить по электронной почте ..."
"app_text_error_in_google_sign_in","Некоторые ошибки в Google login.Please повторите попытку."
"app_text_process_payment_problem","При обработке платежа произошла какая-то ошибка. Пожалуйста, попробуйте еще раз."
"app_text_text_state","состояние"
"app_text_update_address","Обновление Адрес"
"app_text_unit_price","Цена за единицу товара"
"app_text_total_price","Итоговая цена"
"app_text_text_totals","общие данные"
"app_text_text_success","Успех!"
"app_text_sale","распродажа"
"app_text_new","новый"
"app_text_share_api_log","Доля журнала API"
"app_text_report_via_email","отчет"
"app_text_view_your_store","Просмотр вашего магазина"
"app_text_view_demo","Демо"
"app_text_search","Поиск"
"app_text_wishlist","добавить в корзину"
"app_text_select_language","Выбрать язык"
"app_text_select_font","Выбор шрифта"
"app_text_share_feedback","Доля обратной связи запрос / заказ изменение"
"app_text_enter_state","Введите состояние"
"app_text_choose_your_app_theme","Выбор приложения Theme"
"app_text_terms_and_conditions","Правила и условия пользования"
"app_text_wishlist_only","добавить в корзину"
"app_text_wishlist_remove","Удалить из списка пожеланий"
"app_text_state_not_required","Государство не требуется для выбранной страны"
"app_text_currencies","Валюта (ы)"
"app_text_payment_failed","При обработке платежа произошла какая-то ошибка. Пожалуйста, попробуйте еще раз"
"app_text_entered_wrong_url","Возможно, вы ввели неверный адрес или вы не установили наш мобильный приложение строитель bodule."
"app_text_fill_all_required_fields","Пожалуйста, заполните все необходимые поля."
"app_text_extra_share","Доступно здесь :"
"app_text_intent_title","Поделиться"
"app_text_ok","Хорошо"
"app_text_explore_the_app","Исследуйте App"
"app_text_hour","Час"
"app_text_min","минут"
"app_text_sec","секунд"
"app_text_install_whatsapp","Whatsapp не установлена ​​на устройстве"
"app_text_no_account_registered","Никакая учетная запись не зарегистрирована для биометрической аутентификации в данном устройстве. Пожалуйста, зарегистрируйтесь первым."
"app_text_confirm_for_authentication","Подтвердите свой отпечаток пальца или лицо для проверки подлинности."
"app_text_login_with_fingerprint","Вход с Fingerprint"
"app_text_register_for_fingerprint","Регистрация для отпечатков пальцев Вход"
"app_text_biometric_not_available","Биометрическая аутентификация недоступна для данного устройства."
"app_text_fingerprint_not_recognized","Сенсорный ID не распознает отпечатки пальцев. Пожалуйста, попробуйте еще раз с зарегистрированным отпечатком."
"app_text_face_not_recognizes","Лицо ID не распознает лицо. Пожалуйста, попробуйте еще раз с зарегистрированным лицом."
"app_text_fingerprint_or_face_not_enrolled","Нет отпечатки пальцев / лицо не зарегистрировано в устройстве."
"app_text_biometry_locked_out","Функциональность теперь заблокирован из-за слишком большого числа неудачных попыток."
"app_text_register_for_fingerpring","Регистрация для отпечатков пальцев"
"app_text_register_for_fingerprint_details","Вы хотите зарегистрировать учетную запись для функциональных отпечатков пальцев. После этого вы можете войти на этот счет без использования Id электронной почты или пароля только с помощью проверки отпечатков пальцев."
"app_text_register","регистр"
"app_text_verify","проверить"
"app_text_get_otp","Get OTP"
"app_text_mobile_number","Номер мобильного"
"app_text_mobile_number_optional","Мобильный телефон (необязательно)"
"app_text_error_number_verification","Мобильный телефон не может быть проверен! Пожалуйста, попробуйте еще раз с правильным номером OTP!"
"app_text_phone_number_already_exists","Номер телефона уже зарегистрирован. Пожалуйста, попробуйте еще раз с другим номером телефона!"
"app_text_number_verification","Проверочный номер"
"app_text_number_verification_description","Вы должны подтвердить номер телефона. Пожалуйста, введите номер телефона и нажмите кнопку"
"app_text_login_with_phone_number","Войти с номером телефона"
"app_text_forget_password_description","Введите адрес электронной почты или номер телефона, связанный с вашей учетной записью."
"app_text_enter_email_or_mobile_number","Введите адрес электронной почты или номер мобильного телефона"
"app_text_phone_number_change_message","Один номер телефона уже зарегистрирован с этой учетной записью. Вы можете изменить только номер контакта. Пожалуйста, введите действующий номер телефона."
"app_text_enter_otp","Введите одноразовый пароль"
"app_text_related_products","сопутствующие товары"
"app_text_view_reviews","Посмотреть рецензии"
"app_text_write_reviews","Написать отзыв"
"app_text_please_fill_all_details","Заполните, пожалуйста, все детали"
"app_text_close","Закрыть"
"app_text_add_review","Добавить отзыв"
"app_text_write_a_review","Написать рецензию"
"app_text_nick","Ник"
"app_text_title","заглавие"
"app_text_no_reviews","Нет Отзывы о продукте"
"app_text_number_of_reviews","Количество отзывов"
"app_text_minimum_rating","Пожалуйста, добавьте минимальный рейтинг"
"app_text_error","ошибка"
"app_text_no_reviews","Нет отзывов"